case,run,phase,seconds,outcome,io_avg10_before,note
c1-baseline,1,plain,0.32,admitted,7.96,"pod/t2-golden-ghcr created (server dry run) "
c1-baseline,2,plain,0.34,admitted,7.96,"pod/t2-golden-ghcr created (server dry run) "
c1-baseline,3,plain,0.30,admitted,7.42,"pod/t2-golden-ghcr created (server dry run) "
c1-baseline,4,plain,0.30,admitted,6.80,"pod/t2-golden-ghcr created (server dry run) "
c1-baseline,5,plain,0.30,admitted,6.80,"pod/t2-golden-ghcr created (server dry run) "
c1-baseline,6,plain,0.29,admitted,6.29,"pod/t2-golden-ghcr created (server dry run) "
c1-baseline,7,plain,0.29,admitted,6.42,"pod/t2-golden-ghcr created (server dry run) "
c1-baseline,8,plain,0.29,admitted,6.42,"pod/t2-golden-ghcr created (server dry run) "
c1-baseline,9,plain,0.30,admitted,6.34,"pod/t2-golden-ghcr created (server dry run) "
c1-baseline,10,plain,0.30,admitted,6.28,"pod/t2-golden-ghcr created (server dry run) "
c1-baseline,11,plain,0.29,admitted,6.28,"pod/t2-golden-ghcr created (server dry run) "
c1-baseline,12,plain,0.36,admitted,6.77,"pod/t2-golden-ghcr created (server dry run) "
c1-baseline,13,plain,0.30,admitted,6.99,"pod/t2-golden-ghcr created (server dry run) "
c1-baseline,14,plain,0.32,admitted,6.99,"pod/t2-golden-ghcr created (server dry run) "
c1-baseline,15,plain,0.30,admitted,7.18,"pod/t2-golden-ghcr created (server dry run) "
c1-baseline,16,plain,0.36,admitted,7.51,"pod/t2-golden-ghcr created (server dry run) "
c1-baseline,17,plain,0.30,admitted,7.51,"pod/t2-golden-ghcr created (server dry run) "
c1-baseline,18,plain,0.43,admitted,7.78,"pod/t2-golden-ghcr created (server dry run) "
c1-baseline,19,plain,0.30,admitted,7.81,"pod/t2-golden-ghcr created (server dry run) "
c1-baseline,20,plain,0.29,admitted,7.78,"pod/t2-golden-ghcr created (server dry run) "
c2-sigonly-cold,1,cold,13.41,admitted,7.50,"pod/t2-golden-ghcr created (server dry run) "
c2-sigonly-cold,2,cold,15.01,admitted,7.93,"pod/t2-golden-ghcr created (server dry run) "
c2-sigonly-cold,3,cold,15.79,admitted,7.66,"pod/t2-golden-ghcr created (server dry run) "
c2-sigonly-cold,4,cold,14.88,admitted,7.53,"pod/t2-golden-ghcr created (server dry run) "
c2-sigonly-cold,5,cold,2.08,denied,7.45,"Error from server: error when creating  tests/r1-t2-golden-ghcr.yaml : admission webhook  ivpol.validate.kyverno.svc-fail-finegrained-r3b-sigonly  denied the request: Policy r3b-sigonly failed: no val | LOG: 2026-10-06T21:28:13Z ERR github.com/kyverno/kyverno/pkg/image/verifiers/ivpol/cosign/verifier.go:82 > image verification failed error= failed to build cosign verification opts: failed to initialize TUF client (mirror=\ https://tuf-repo-cdn.sigstore.dev\ ): updating local metadata and targets: error "
c2-sigonly-cold,6,cold,13.46,admitted,7.76,"pod/t2-golden-ghcr created (server dry run) "
c2-sigonly-cold,7,cold,15.11,admitted,7.97,"pod/t2-golden-ghcr created (server dry run) "
c2-sigonly-cold,8,cold,15.42,admitted,7.57,"pod/t2-golden-ghcr created (server dry run) "
c2-sigonly-cold,9,cold,13.65,admitted,6.56,"pod/t2-golden-ghcr created (server dry run) "
c2-sigonly-cold,10,cold,13.87,admitted,6.94,"pod/t2-golden-ghcr created (server dry run) "
c2-sigonly-cold,11,cold,2.30,denied,7.92,"Error from server: error when creating  tests/r1-t2-golden-ghcr.yaml : admission webhook  ivpol.validate.kyverno.svc-fail-finegrained-r3b-sigonly  denied the request: Policy r3b-sigonly failed: no val | LOG: 2026-10-06T21:34:33Z ERR github.com/kyverno/kyverno/pkg/image/verifiers/ivpol/cosign/verifier.go:82 > image verification failed error= failed to build cosign verification opts: failed to initialize TUF client (mirror=\ https://tuf-repo-cdn.sigstore.dev\ ): updating local metadata and targets: error "
c2-sigonly-cold,12,cold,15.84,admitted,7.78,"pod/t2-golden-ghcr created (server dry run) "
c2-sigonly-cold,13,cold,2.32,denied,7.97,"Error from server: error when creating  tests/r1-t2-golden-ghcr.yaml : admission webhook  ivpol.validate.kyverno.svc-fail-finegrained-r3b-sigonly  denied the request: Policy r3b-sigonly failed: no val | LOG: 2026-10-06T21:36:31Z ERR github.com/kyverno/kyverno/pkg/image/verifiers/ivpol/cosign/verifier.go:82 > image verification failed error= failed to build cosign verification opts: failed to initialize TUF client (mirror=\ https://tuf-repo-cdn.sigstore.dev\ ): updating local metadata and targets: error "
c2-sigonly-cold,14,cold,14.28,admitted,7.97,"pod/t2-golden-ghcr created (server dry run) "
c2-sigonly-cold,15,cold,14.45,admitted,7.86,"pod/t2-golden-ghcr created (server dry run) "
c2-sigonly-cold,16,cold,2.36,denied,7.73,"Error from server: error when creating  tests/r1-t2-golden-ghcr.yaml : admission webhook  ivpol.validate.kyverno.svc-fail-finegrained-r3b-sigonly  denied the request: Policy r3b-sigonly failed: no val | LOG: 2026-10-06T21:39:34Z ERR github.com/kyverno/kyverno/pkg/image/verifiers/ivpol/cosign/verifier.go:82 > image verification failed error= failed to build cosign verification opts: failed to initialize TUF client (mirror=\ https://tuf-repo-cdn.sigstore.dev\ ): updating local metadata and targets: error "
c2-sigonly-cold,17,cold,2.19,denied,7.58,"Error from server: error when creating  tests/r1-t2-golden-ghcr.yaml : admission webhook  ivpol.validate.kyverno.svc-fail-finegrained-r3b-sigonly  denied the request: Policy r3b-sigonly failed: no val | LOG: 2026-10-06T21:40:24Z ERR github.com/kyverno/kyverno/pkg/image/verifiers/ivpol/cosign/verifier.go:82 > image verification failed error= failed to build cosign verification opts: failed to initialize TUF client (mirror=\ https://tuf-repo-cdn.sigstore.dev\ ): updating local metadata and targets: error "
c2-sigonly-cold,18,cold,15.14,admitted,7.53,"pod/t2-golden-ghcr created (server dry run) "
c2-sigonly-cold,19,cold,14.28,admitted,7.17,"pod/t2-golden-ghcr created (server dry run) "
c2-sigonly-cold,20,cold,13.97,admitted,6.99,"pod/t2-golden-ghcr created (server dry run) "
c2-sigonly-cold,21,cold,2.43,denied,7.70,"Error from server: error when creating  tests/r1-t2-golden-ghcr.yaml : admission webhook  ivpol.validate.kyverno.svc-fail-finegrained-r3b-sigonly  denied the request: Policy r3b-sigonly failed: no val | LOG: 2026-10-06T21:44:19Z ERR github.com/kyverno/kyverno/pkg/image/verifiers/ivpol/cosign/verifier.go:82 > image verification failed error= failed to build cosign verification opts: failed to initialize TUF client (mirror=\ https://tuf-repo-cdn.sigstore.dev\ ): updating local metadata and targets: error "
c2-sigonly-cold,22,cold,15.39,admitted,7.91,"pod/t2-golden-ghcr created (server dry run) "
c2-sigonly-cold,23,cold,14.51,admitted,7.97,"pod/t2-golden-ghcr created (server dry run) "
c2-sigonly-cold,24,cold,13.51,admitted,7.60,"pod/t2-golden-ghcr created (server dry run) "
c2-sigonly-cold,25,cold,15.57,admitted,7.24,"pod/t2-golden-ghcr created (server dry run) "
c2-sigonly-cold,26,cold,13.75,admitted,7.63,"pod/t2-golden-ghcr created (server dry run) "
c2b-nosigcheck-cold,1,cold,26.38,admitted,7.31,"pod/t2-golden-ghcr created (server dry run) "
c2b-nosigcheck-cold,2,cold,2.37,denied,7.83,"Error from server: error when creating  tests/r1-t2-golden-ghcr.yaml : admission webhook  ivpol.validate.kyverno.svc-fail-finegrained-r3b-nosigcheck  denied the request: Policy r3b-nosigcheck failed:  | LOG: 2026-10-06T21:52:34Z ERR github.com/kyverno/kyverno/pkg/image/verifiers/ivpol/cosign/verifier.go:149 > image verification failed error= failed to build cosign verification opts: failed to initialize TUF client (mirror=\ https://tuf-repo-cdn.sigstore.dev\ ): updating local metadata and targets: error"
c2b-nosigcheck-cold,3,cold,24.62,admitted,7.86,"pod/t2-golden-ghcr created (server dry run) "
c2b-nosigcheck-cold,4,cold,2.35,denied,7.01,"Error from server: error when creating  tests/r1-t2-golden-ghcr.yaml : admission webhook  ivpol.validate.kyverno.svc-fail-finegrained-r3b-nosigcheck  denied the request: Policy r3b-nosigcheck failed:  | LOG: 2026-10-06T21:54:45Z ERR github.com/kyverno/kyverno/pkg/image/verifiers/ivpol/cosign/verifier.go:149 > image verification failed error= failed to build cosign verification opts: failed to initialize TUF client (mirror=\ https://tuf-repo-cdn.sigstore.dev\ ): updating local metadata and targets: error"
c2b-nosigcheck-cold,5,cold,25.62,admitted,7.92,"pod/t2-golden-ghcr created (server dry run) "
c2b-nosigcheck-cold,6,cold,29.14,admitted,7.73,"pod/t2-golden-ghcr created (server dry run) "
c2b-nosigcheck-cold,7,cold,24.41,admitted,7.34,"pod/t2-golden-ghcr created (server dry run) "
c2b-nosigcheck-cold,8,cold,30.32,timeout,7.40,"Error from server (InternalError): error when creating  tests/r1-t2-golden-ghcr.yaml : Internal error occurred: failed calling webhook  ivpol.validate.kyverno.svc-fail-finegrained-r3b-nosigcheck : fai | LOG: "
c2b-nosigcheck-cold,9,cold,25.83,admitted,7.85,"pod/t2-golden-ghcr created (server dry run) "
c2b-nosigcheck-cold,10,cold,25.70,admitted,7.86,"pod/t2-golden-ghcr created (server dry run) "
c2b-nosigcheck-cold,11,cold,26.04,admitted,6.89,"pod/t2-golden-ghcr created (server dry run) "
c2b-nosigcheck-cold,12,cold,28.36,admitted,6.90,"pod/t2-golden-ghcr created (server dry run) "
c2b-nosigcheck-cold,13,cold,25.83,admitted,7.81,"pod/t2-golden-ghcr created (server dry run) "
c2b-nosigcheck-cold,14,cold,23.47,admitted,7.88,"pod/t2-golden-ghcr created (server dry run) "
c2b-nosigcheck-cold,15,cold,25.40,admitted,7.80,"pod/t2-golden-ghcr created (server dry run) "
c2b-nosigcheck-cold,16,cold,2.15,denied,7.37,"Error from server: error when creating  tests/r1-t2-golden-ghcr.yaml : admission webhook  ivpol.validate.kyverno.svc-fail-finegrained-r3b-nosigcheck  denied the request: Policy r3b-nosigcheck failed:  | LOG: 2026-10-06T22:10:45Z ERR github.com/kyverno/kyverno/pkg/image/verifiers/ivpol/cosign/verifier.go:149 > image verification failed error= failed to build cosign verification opts: failed to initialize TUF client (mirror=\ https://tuf-repo-cdn.sigstore.dev\ ): updating local metadata and targets: error"
c2b-nosigcheck-cold,17,cold,29.44,admitted,7.02,"pod/t2-golden-ghcr created (server dry run) "
c2b-nosigcheck-cold,18,cold,30.34,timeout,7.63,"Error from server (InternalError): error when creating  tests/r1-t2-golden-ghcr.yaml : Internal error occurred: failed calling webhook  ivpol.validate.kyverno.svc-fail-finegrained-r3b-nosigcheck : fai | LOG: "
c2b-nosigcheck-cold,19,cold,2.50,denied,7.33,"Error from server: error when creating  tests/r1-t2-golden-ghcr.yaml : admission webhook  ivpol.validate.kyverno.svc-fail-finegrained-r3b-nosigcheck  denied the request: Policy r3b-nosigcheck failed:  | LOG: 2026-10-06T22:14:29Z ERR github.com/kyverno/kyverno/pkg/image/verifiers/ivpol/cosign/verifier.go:149 > image verification failed error= failed to build cosign verification opts: failed to initialize TUF client (mirror=\ https://tuf-repo-cdn.sigstore.dev\ ): updating local metadata and targets: error"
c2b-nosigcheck-cold,20,cold,25.60,admitted,7.09,"pod/t2-golden-ghcr created (server dry run) "
c2b-nosigcheck-cold,21,cold,24.93,admitted,7.66,"pod/t2-golden-ghcr created (server dry run) "
c2b-nosigcheck-cold,22,cold,27.10,admitted,6.92,"pod/t2-golden-ghcr created (server dry run) "
c2b-nosigcheck-cold,23,cold,26.58,admitted,7.41,"pod/t2-golden-ghcr created (server dry run) "
c2b-nosigcheck-cold,24,cold,26.91,admitted,7.92,"pod/t2-golden-ghcr created (server dry run) "
c2b-nosigcheck-cold,25,cold,24.72,admitted,7.41,"pod/t2-golden-ghcr created (server dry run) "
c2b-nosigcheck-cold,26,cold,24.80,admitted,7.88,"pod/t2-golden-ghcr created (server dry run) "
c4-full-cold+c3-warm,1,cold,30.34,timeout,6.74,"Error from server (InternalError): error when creating  tests/r1-t2-golden-ghcr.yaml : Internal error occurred: failed calling webhook  ivpol.validate.kyverno.svc-fail-finegrained-r3-verify-forge-imag | LOG: "
c4-full-cold+c3-warm,2,cold,30.33,timeout,7.68,"Error from server (InternalError): error when creating  tests/r1-t2-golden-ghcr.yaml : Internal error occurred: failed calling webhook  ivpol.validate.kyverno.svc-fail-finegrained-r3-verify-forge-imag | LOG: "
c4-full-cold+c3-warm,3,cold,2.20,denied,7.95,"Error from server: error when creating  tests/r1-t2-golden-ghcr.yaml : admission webhook  ivpol.validate.kyverno.svc-fail-finegrained-r3-verify-forge-images  denied the request: Policy r3-verify-forge | LOG: 2026-10-06T22:27:25Z ERR github.com/kyverno/kyverno/pkg/image/verifiers/ivpol/cosign/verifier.go:82 > image verification failed error= failed to build cosign verification opts: failed to initialize TUF client (mirror=\ https://tuf-repo-cdn.sigstore.dev\ ): updating local metadata and targets: error "
c4-full-cold+c3-warm,4,cold,30.32,timeout,7.79,"Error from server (InternalError): error when creating  tests/r1-t2-golden-ghcr.yaml : Internal error occurred: failed calling webhook  ivpol.validate.kyverno.svc-fail-finegrained-r3-verify-forge-imag | LOG: "
c4-full-cold+c3-warm,5,cold,30.32,timeout,7.43,"Error from server (InternalError): error when creating  tests/r1-t2-golden-ghcr.yaml : Internal error occurred: failed calling webhook  ivpol.validate.kyverno.svc-fail-finegrained-r3-verify-forge-imag | LOG: "
c4-full-cold+c3-warm,6,cold,30.34,timeout,7.38,"Error from server (InternalError): error when creating  tests/r1-t2-golden-ghcr.yaml : Internal error occurred: failed calling webhook  ivpol.validate.kyverno.svc-fail-finegrained-r3-verify-forge-imag | LOG: "
c4-full-cold+c3-warm,7,cold,30.32,timeout,7.81,"Error from server (InternalError): error when creating  tests/r1-t2-golden-ghcr.yaml : Internal error occurred: failed calling webhook  ivpol.validate.kyverno.svc-fail-finegrained-r3-verify-forge-imag | LOG: "
c4-full-cold+c3-warm,8,cold,30.40,timeout,7.92,"Error from server (InternalError): error when creating  tests/r1-t2-golden-ghcr.yaml : Internal error occurred: failed calling webhook  ivpol.validate.kyverno.svc-fail-finegrained-r3-verify-forge-imag | LOG: "
c4-full-cold+c3-warm,9,cold,30.33,timeout,7.71,"Error from server (InternalError): error when creating  tests/r1-t2-golden-ghcr.yaml : Internal error occurred: failed calling webhook  ivpol.validate.kyverno.svc-fail-finegrained-r3-verify-forge-imag | LOG: "
c4-full-cold+c3-warm,10,cold,30.32,timeout,7.62,"Error from server (InternalError): error when creating  tests/r1-t2-golden-ghcr.yaml : Internal error occurred: failed calling webhook  ivpol.validate.kyverno.svc-fail-finegrained-r3-verify-forge-imag | LOG: "
c4-full-cold+c3-warm,11,cold,2.00,denied,7.73,"Error from server: error when creating  tests/r1-t2-golden-ghcr.yaml : admission webhook  ivpol.validate.kyverno.svc-fail-finegrained-r3-verify-forge-images  denied the request: Policy r3-verify-forge | LOG: 2026-10-06T22:38:28Z ERR github.com/kyverno/kyverno/pkg/image/verifiers/ivpol/cosign/verifier.go:82 > image verification failed error= failed to build cosign verification opts: failed to initialize TUF client (mirror=\ https://tuf-repo-cdn.sigstore.dev\ ): updating local metadata and targets: error "
c4-full-cold+c3-warm,12,cold,30.33,timeout,7.35,"Error from server (InternalError): error when creating  tests/r1-t2-golden-ghcr.yaml : Internal error occurred: failed calling webhook  ivpol.validate.kyverno.svc-fail-finegrained-r3-verify-forge-imag | LOG: "
c4-full-cold+c3-warm,13,cold,30.33,timeout,7.79,"Error from server (InternalError): error when creating  tests/r1-t2-golden-ghcr.yaml : Internal error occurred: failed calling webhook  ivpol.validate.kyverno.svc-fail-finegrained-r3-verify-forge-imag | LOG: "
c4-full-cold+c3-warm,14,cold,30.42,timeout,7.58,"Error from server (InternalError): error when creating  tests/r1-t2-golden-ghcr.yaml : Internal error occurred: failed calling webhook  ivpol.validate.kyverno.svc-fail-finegrained-r3-verify-forge-imag | LOG: "
c4-full-cold+c3-warm,15,cold,30.32,timeout,7.44,"Error from server (InternalError): error when creating  tests/r1-t2-golden-ghcr.yaml : Internal error occurred: failed calling webhook  ivpol.validate.kyverno.svc-fail-finegrained-r3-verify-forge-imag | LOG: "
c4-full-cold+c3-warm,16,cold,30.39,timeout,7.57,"Error from server (InternalError): error when creating  tests/r1-t2-golden-ghcr.yaml : Internal error occurred: failed calling webhook  ivpol.validate.kyverno.svc-fail-finegrained-r3-verify-forge-imag | LOG: "
c4-full-cold+c3-warm,17,cold,30.48,timeout,7.78,"Error from server (InternalError): error when creating  tests/r1-t2-golden-ghcr.yaml : Internal error occurred: failed calling webhook  ivpol.validate.kyverno.svc-fail-finegrained-r3-verify-forge-imag | LOG: "
c4-full-cold+c3-warm,18,cold,30.33,timeout,7.81,"Error from server (InternalError): error when creating  tests/r1-t2-golden-ghcr.yaml : Internal error occurred: failed calling webhook  ivpol.validate.kyverno.svc-fail-finegrained-r3-verify-forge-imag | LOG: "
c4-full-cold+c3-warm,19,cold,30.33,timeout,7.59,"Error from server (InternalError): error when creating  tests/r1-t2-golden-ghcr.yaml : Internal error occurred: failed calling webhook  ivpol.validate.kyverno.svc-fail-finegrained-r3-verify-forge-imag | LOG: "
c4-full-cold+c3-warm,20,cold,30.34,timeout,7.48,"Error from server (InternalError): error when creating  tests/r1-t2-golden-ghcr.yaml : Internal error occurred: failed calling webhook  ivpol.validate.kyverno.svc-fail-finegrained-r3-verify-forge-imag | LOG: "
c4-full-cold+c3-warm,21,cold,30.33,timeout,7.09,"Error from server (InternalError): error when creating  tests/r1-t2-golden-ghcr.yaml : Internal error occurred: failed calling webhook  ivpol.validate.kyverno.svc-fail-finegrained-r3-verify-forge-imag | LOG: "
c4-full-cold+c3-warm,22,cold,30.33,timeout,7.49,"Error from server (InternalError): error when creating  tests/r1-t2-golden-ghcr.yaml : Internal error occurred: failed calling webhook  ivpol.validate.kyverno.svc-fail-finegrained-r3-verify-forge-imag | LOG: "
c4-full-cold+c3-warm,23,cold,30.32,timeout,7.50,"Error from server (InternalError): error when creating  tests/r1-t2-golden-ghcr.yaml : Internal error occurred: failed calling webhook  ivpol.validate.kyverno.svc-fail-finegrained-r3-verify-forge-imag | LOG: "
c4-full-cold+c3-warm,24,cold,30.43,timeout,7.73,"Error from server (InternalError): error when creating  tests/r1-t2-golden-ghcr.yaml : Internal error occurred: failed calling webhook  ivpol.validate.kyverno.svc-fail-finegrained-r3-verify-forge-imag | LOG: "
c4-full-cold+c3-warm,25,cold,30.41,timeout,7.48,"Error from server (InternalError): error when creating  tests/r1-t2-golden-ghcr.yaml : Internal error occurred: failed calling webhook  ivpol.validate.kyverno.svc-fail-finegrained-r3-verify-forge-imag | LOG: "
c4-full-cold+c3-warm,26,cold,2.28,denied,7.64,"Error from server: error when creating  tests/r1-t2-golden-ghcr.yaml : admission webhook  ivpol.validate.kyverno.svc-fail-finegrained-r3-verify-forge-images  denied the request: Policy r3-verify-forge | LOG: 2026-10-06T22:58:53Z ERR github.com/kyverno/kyverno/pkg/image/verifiers/ivpol/cosign/verifier.go:82 > image verification failed error= failed to build cosign verification opts: failed to initialize TUF client (mirror=\ https://tuf-repo-cdn.sigstore.dev\ ): updating local metadata and targets: error "
c4-full-cold+c3-warm,27,cold,30.33,timeout,7.82,"Error from server (InternalError): error when creating  tests/r1-t2-golden-ghcr.yaml : Internal error occurred: failed calling webhook  ivpol.validate.kyverno.svc-fail-finegrained-r3-verify-forge-imag | LOG: "
c4-full-cold+c3-warm,28,cold,30.45,timeout,7.96,"Error from server (InternalError): error when creating  tests/r1-t2-golden-ghcr.yaml : Internal error occurred: failed calling webhook  ivpol.validate.kyverno.svc-fail-finegrained-r3-verify-forge-imag | LOG: "
c4-full-cold+c3-warm,29,cold,30.32,timeout,7.84,"Error from server (InternalError): error when creating  tests/r1-t2-golden-ghcr.yaml : Internal error occurred: failed calling webhook  ivpol.validate.kyverno.svc-fail-finegrained-r3-verify-forge-imag | LOG: "
c4-full-cold+c3-warm,30,cold,30.48,timeout,7.58,"Error from server (InternalError): error when creating  tests/r1-t2-golden-ghcr.yaml : Internal error occurred: failed calling webhook  ivpol.validate.kyverno.svc-fail-finegrained-r3-verify-forge-imag | LOG: "
c5-bigsbom-cold,1,cold,27.86,admitted,7.93,"pod/t14-bigsbom-ghcr created (server dry run) "
c5-bigsbom-cold,2,cold,29.07,admitted,7.42,"pod/t14-bigsbom-ghcr created (server dry run) "
c5-bigsbom-cold,3,cold,27.83,admitted,7.76,"pod/t14-bigsbom-ghcr created (server dry run) "
c5-bigsbom-cold,4,cold,29.21,admitted,7.31,"pod/t14-bigsbom-ghcr created (server dry run) "
c5-bigsbom-cold,5,cold,27.43,admitted,6.96,"pod/t14-bigsbom-ghcr created (server dry run) "
c5-bigsbom-cold,6,cold,27.90,admitted,6.74,"pod/t14-bigsbom-ghcr created (server dry run) "
c5-bigsbom-cold,7,cold,27.78,admitted,7.57,"pod/t14-bigsbom-ghcr created (server dry run) "
c5-bigsbom-cold,8,cold,27.84,admitted,7.68,"pod/t14-bigsbom-ghcr created (server dry run) "
c5-bigsbom-cold,9,cold,27.91,admitted,7.85,"pod/t14-bigsbom-ghcr created (server dry run) "
c5-bigsbom-cold,10,cold,28.01,admitted,7.84,"pod/t14-bigsbom-ghcr created (server dry run) "
c5-bigsbom-cold,11,cold,27.93,admitted,7.58,"pod/t14-bigsbom-ghcr created (server dry run) "
c5-bigsbom-cold,12,cold,28.62,admitted,7.83,"pod/t14-bigsbom-ghcr created (server dry run) "
c5-bigsbom-cold,13,cold,28.46,admitted,7.57,"pod/t14-bigsbom-ghcr created (server dry run) "
c5-bigsbom-cold,14,cold,30.16,admitted,7.91,"pod/t14-bigsbom-ghcr created (server dry run) "
c5-bigsbom-cold,15,cold,29.62,admitted,7.88,"pod/t14-bigsbom-ghcr created (server dry run) "
c5-bigsbom-cold,16,cold,30.33,timeout,7.47,"Error from server (InternalError): error when creating  tests/r1-t14-bigsbom-ghcr.yaml : Internal error occurred: failed calling webhook  ivpol.validate.kyverno.svc-fail-finegrained-r3-verify-forge-im | LOG: "
c5-bigsbom-cold,17,cold,27.54,admitted,7.56,"pod/t14-bigsbom-ghcr created (server dry run) "
c5-bigsbom-cold,18,cold,28.97,admitted,7.04,"pod/t14-bigsbom-ghcr created (server dry run) "
c5-bigsbom-cold,19,cold,28.55,admitted,7.14,"pod/t14-bigsbom-ghcr created (server dry run) "
c5-bigsbom-cold,20,cold,27.40,admitted,6.83,"pod/t14-bigsbom-ghcr created (server dry run) "
c5-bigsbom-cold,21,cold,29.90,admitted,7.79,"pod/t14-bigsbom-ghcr created (server dry run) "
c3-warm,1,prime,30.34,timeout,6.16,"Error from server (InternalError): error when creating  tests/r1-t2-golden-ghcr.yaml : Internal error occurred: failed calling webhook  ivpol.validate.kyverno.s"
c3-warm,1,warm,23.20,admitted,5.07,"pod/t2-golden-ghcr created (server dry run) "
c3-warm,2,prime,30.35,timeout,7.91,"Error from server (InternalError): error when creating  tests/r1-t2-golden-ghcr.yaml : Internal error occurred: failed calling webhook  ivpol.validate.kyverno.s"
c3-warm,2,warm,23.32,admitted,4.17,"pod/t2-golden-ghcr created (server dry run) "
c3-warm,3,prime,30.34,timeout,5.76,"Error from server (InternalError): error when creating  tests/r1-t2-golden-ghcr.yaml : Internal error occurred: failed calling webhook  ivpol.validate.kyverno.s"
c3-warm,3,warm,24.65,admitted,4.99,"pod/t2-golden-ghcr created (server dry run) "
c3-warm,4,prime,2.31,denied,6.96,"Error from server: error when creating  tests/r1-t2-golden-ghcr.yaml : admission webhook  ivpol.validate.kyverno.svc-fail-finegrained-r3-verify-forge-images  de"
c3-warm,5,prime,30.35,timeout,6.29,"Error from server (InternalError): error when creating  tests/r1-t2-golden-ghcr.yaml : Internal error occurred: failed calling webhook  ivpol.validate.kyverno.s"
c3-warm,5,warm,24.11,admitted,4.02,"pod/t2-golden-ghcr created (server dry run) "
c3-warm,6,prime,30.34,timeout,7.64,"Error from server (InternalError): error when creating  tests/r1-t2-golden-ghcr.yaml : Internal error occurred: failed calling webhook  ivpol.validate.kyverno.s"
c3-warm,6,warm,22.67,admitted,5.74,"pod/t2-golden-ghcr created (server dry run) "
c3-warm,7,prime,30.39,timeout,5.54,"Error from server (InternalError): error when creating  tests/r1-t2-golden-ghcr.yaml : Internal error occurred: failed calling webhook  ivpol.validate.kyverno.s"
c3-warm,7,warm,22.24,admitted,4.15,"pod/t2-golden-ghcr created (server dry run) "
c3-warm,8,prime,30.38,timeout,7.93,"Error from server (InternalError): error when creating  tests/r1-t2-golden-ghcr.yaml : Internal error occurred: failed calling webhook  ivpol.validate.kyverno.s"
c3-warm,8,warm,22.88,admitted,4.74,"pod/t2-golden-ghcr created (server dry run) "
c3-warm,9,prime,30.33,timeout,7.57,"Error from server (InternalError): error when creating  tests/r1-t2-golden-ghcr.yaml : Internal error occurred: failed calling webhook  ivpol.validate.kyverno.s"
c3-warm,9,warm,24.77,admitted,5.85,"pod/t2-golden-ghcr created (server dry run) "
c3-warm,10,prime,30.34,timeout,6.98,"Error from server (InternalError): error when creating  tests/r1-t2-golden-ghcr.yaml : Internal error occurred: failed calling webhook  ivpol.validate.kyverno.s"
c3-warm,10,warm,24.04,admitted,4.40,"pod/t2-golden-ghcr created (server dry run) "
c3-warm,11,prime,30.37,timeout,7.14,"Error from server (InternalError): error when creating  tests/r1-t2-golden-ghcr.yaml : Internal error occurred: failed calling webhook  ivpol.validate.kyverno.s"
c3-warm,11,warm,23.94,admitted,4.25,"pod/t2-golden-ghcr created (server dry run) "
c3-warm,12,prime,30.34,timeout,7.42,"Error from server (InternalError): error when creating  tests/r1-t2-golden-ghcr.yaml : Internal error occurred: failed calling webhook  ivpol.validate.kyverno.s"
c3-warm,12,warm,24.52,admitted,4.57,"pod/t2-golden-ghcr created (server dry run) "
c3-warm,13,prime,30.46,timeout,6.03,"Error from server (InternalError): error when creating  tests/r1-t2-golden-ghcr.yaml : Internal error occurred: failed calling webhook  ivpol.validate.kyverno.s"
c3-warm,13,warm,23.55,admitted,6.78,"pod/t2-golden-ghcr created (server dry run) "
c3-warm,14,prime,30.33,timeout,6.76,"Error from server (InternalError): error when creating  tests/r1-t2-golden-ghcr.yaml : Internal error occurred: failed calling webhook  ivpol.validate.kyverno.s"
c3-warm,14,warm,24.07,admitted,4.19,"pod/t2-golden-ghcr created (server dry run) "
c3-warm,15,prime,30.44,timeout,7.69,"Error from server (InternalError): error when creating  tests/r1-t2-golden-ghcr.yaml : Internal error occurred: failed calling webhook  ivpol.validate.kyverno.s"
c3-warm,15,warm,23.41,admitted,4.22,"pod/t2-golden-ghcr created (server dry run) "
c3-warm,16,prime,30.34,timeout,7.61,"Error from server (InternalError): error when creating  tests/r1-t2-golden-ghcr.yaml : Internal error occurred: failed calling webhook  ivpol.validate.kyverno.s"
c3-warm,16,warm,22.35,admitted,4.79,"pod/t2-golden-ghcr created (server dry run) "
c3-warm,17,prime,30.32,timeout,6.73,"Error from server (InternalError): error when creating  tests/r1-t2-golden-ghcr.yaml : Internal error occurred: failed calling webhook  ivpol.validate.kyverno.s"
c3-warm,17,warm,22.71,admitted,4.11,"pod/t2-golden-ghcr created (server dry run) "
c3-warm,18,prime,30.32,timeout,6.44,"Error from server (InternalError): error when creating  tests/r1-t2-golden-ghcr.yaml : Internal error occurred: failed calling webhook  ivpol.validate.kyverno.s"
c3-warm,18,warm,24.83,admitted,5.67,"pod/t2-golden-ghcr created (server dry run) "
c3-warm,19,prime,30.34,timeout,7.43,"Error from server (InternalError): error when creating  tests/r1-t2-golden-ghcr.yaml : Internal error occurred: failed calling webhook  ivpol.validate.kyverno.s"
c3-warm,19,warm,23.63,admitted,6.09,"pod/t2-golden-ghcr created (server dry run) "
c3-warm,20,prime,2.26,denied,4.96,"Error from server: error when creating  tests/r1-t2-golden-ghcr.yaml : admission webhook  ivpol.validate.kyverno.svc-fail-finegrained-r3-verify-forge-images  de"
c3-warm,21,prime,30.35,timeout,7.41,"Error from server (InternalError): error when creating  tests/r1-t2-golden-ghcr.yaml : Internal error occurred: failed calling webhook  ivpol.validate.kyverno.s"
c3-warm,21,warm,24.04,admitted,4.92,"pod/t2-golden-ghcr created (server dry run) "
c3-warm,22,prime,2.18,denied,6.63,"Error from server: error when creating  tests/r1-t2-golden-ghcr.yaml : admission webhook  ivpol.validate.kyverno.svc-fail-finegrained-r3-verify-forge-images  de"
c3-warm,23,prime,30.33,timeout,7.90,"Error from server (InternalError): error when creating  tests/r1-t2-golden-ghcr.yaml : Internal error occurred: failed calling webhook  ivpol.validate.kyverno.s"
c3-warm,23,warm,25.70,admitted,3.57,"pod/t2-golden-ghcr created (server dry run) "
