design,mode,N,wall_s,rev_sum_delta,rev_count_delta,denied_delta,dns,ratelimit,deadline,errs,restarts_before,restarts_after
B,cold,5,18.1,75.87,10,0,0,0,0,0,0,0
B,cold,10,23.5,168.04,20,0,0,0,0,0,0,0
B,cold,20,33.9,345.53,36,0,0,0,0,0,0,0
B,warm,10,3.1,12.56,20,0,0,0,0,0,0,0
B,warm,20,5.1,25.70,40,0,0,0,0,0,0,0
A,cold,5,27.8,295.65,20,0,0,0,0,0,0,0
A,cold,10,32.2,383.41,28,0,0,0,0,0,0,0
A,cold,20,34.5,414.74,39,0,0,0,0,0,0,0
A,warm,5,20.8,157.71,20,0,0,0,0,0,0,0
A,warm,10,32.2,370.96,38,0,0,0,0,0,0,0
A,warm,20,34.3,426.08,59,0,0,0,0,0,0,0
B,warm,5,2.2,6.15,10,0,0,0,0,0,0,0
