1791488280.805013026,B-cold-5,adm,37.17,63.63MB
1791488280.805013026,B-cold-5,rep,0.57,205.8MB
1791488285.018380713,B-cold-5,adm,15.82,58.56MB
1791488285.018380713,B-cold-5,rep,0.68,205.8MB
1791488289.156826544,B-cold-5,adm,17.42,71.48MB
1791488289.156826544,B-cold-5,rep,0.56,206.6MB
1791488293.297065116,B-cold-5,adm,8.26,74.33MB
1791488293.297065116,B-cold-5,rep,0.26,205.8MB
1791488297.453677711,B-cold-5,adm,23.48,80.75MB
1791488347.271799174,B-cold-10,adm,14.12,55.26MB
1791488347.271799174,B-cold-10,rep,0.23,204.3MB
1791488351.800927658,B-cold-10,adm,11.68,74.95MB
1791488351.800927658,B-cold-10,rep,0.30,204.3MB
1791488355.947503824,B-cold-10,adm,18.36,78.97MB
1791488355.947503824,B-cold-10,rep,0.29,204.3MB
1791488360.087874448,B-cold-10,adm,38.45,86.08MB
1791488360.087874448,B-cold-10,rep,0.31,204.3MB
1791488364.225853591,B-cold-10,adm,31.22,94.52MB
1791488364.225853591,B-cold-10,rep,0.87,204.8MB
1791488368.381787818,B-cold-10,adm,28.05,84.64MB
1791488368.381787818,B-cold-10,rep,0.42,204.3MB
1791488419.981801877,B-cold-20,adm,0.19,54.37MB
1791488419.981801877,B-cold-20,rep,0.17,206.5MB
1791488424.523041308,B-cold-20,adm,6.25,87.67MB
1791488424.523041308,B-cold-20,rep,0.61,206.5MB
1791488428.679936144,B-cold-20,adm,15.81,96.75MB
1791488428.679936144,B-cold-20,rep,0.28,206.5MB
1791488432.818110617,B-cold-20,adm,10.23,99.73MB
1791488432.818110617,B-cold-20,rep,0.26,206.5MB
1791488436.968729582,B-cold-20,adm,19.84,108.2MB
1791488436.968729582,B-cold-20,rep,0.51,206.5MB
1791488441.122917697,B-cold-20,adm,45.79,97.01MB
1791488441.122917697,B-cold-20,rep,0.22,206.5MB
1791488445.269389195,B-cold-20,adm,26.76,97.6MB
1791488445.269389195,B-cold-20,rep,0.24,206.5MB
1791488449.482039760,B-cold-20,adm,30.25,98.15MB
1791488449.482039760,B-cold-20,rep,0.65,206.8MB
1791488514.113277680,B-warm-5,adm,27.56,59.09MB
1791488514.113277680,B-warm-5,rep,0.64,205.6MB
1791488518.322475880,B-warm-5,adm,15.32,69.71MB
1791488518.322475880,B-warm-5,rep,0.46,205.3MB
1791488522.473723078,B-warm-5,adm,7.31,64.77MB
1791488522.473723078,B-warm-5,rep,0.40,205.3MB
1791488526.623824994,B-warm-5,adm,54.47,83MB
1791488526.623824994,B-warm-5,rep,0.44,205.3MB
1791488598.033707358,B-warm-10,adm,8.71,70.4MB
1791488598.033707358,B-warm-10,rep,0.25,207.5MB
1791488669.516054248,B-warm-20,adm,0.23,65.4MB
1791488669.516054248,B-warm-20,rep,0.44,206MB
1791488770.914843554,A-cold-5,adm,94.19,77.67MB
1791488770.914843554,A-cold-5,rep,0.33,206.2MB
1791488775.153593637,A-cold-5,adm,10.23,89.72MB
1791488775.153593637,A-cold-5,rep,0.33,206.2MB
1791488779.303092683,A-cold-5,adm,12.61,96.17MB
1791488779.303092683,A-cold-5,rep,0.52,206.7MB
1791488783.453988856,A-cold-5,adm,25.82,101.2MB
1791488783.453988856,A-cold-5,rep,0.29,206.2MB
1791488787.605889309,A-cold-5,adm,46.76,104.9MB
1791488787.605889309,A-cold-5,rep,0.22,206.2MB
1791488791.751662927,A-cold-5,adm,45.50,108MB
1791488791.751662927,A-cold-5,rep,0.22,206.2MB
1791488795.941450586,A-cold-5,adm,64.31,106.1MB
1791488795.941450586,A-cold-5,rep,0.31,206.2MB
1791488854.955409353,A-cold-10,adm,4.98,53.43MB
1791488854.955409353,A-cold-10,rep,15.95,205.3MB
1791488859.554554492,A-cold-10,adm,10.24,111.6MB
1791488859.554554492,A-cold-10,rep,0.80,205.4MB
1791488863.697971086,A-cold-10,adm,22.43,122.3MB
1791488863.697971086,A-cold-10,rep,0.43,205.3MB
1791488867.836977953,A-cold-10,adm,55.23,138.3MB
1791488867.836977953,A-cold-10,rep,0.36,205.3MB
1791488871.989212567,A-cold-10,adm,79.82,134.9MB
1791488871.989212567,A-cold-10,rep,0.34,205.3MB
1791488876.134895954,A-cold-10,adm,53.24,138.8MB
1791488876.134895954,A-cold-10,rep,0.58,205.6MB
1791488880.281340659,A-cold-10,adm,51.30,151.5MB
1791488880.281340659,A-cold-10,rep,0.41,205.3MB
1791488884.426554492,A-cold-10,adm,51.46,132.9MB
1791488884.426554492,A-cold-10,rep,0.67,205.6MB
1791488945.770424676,A-cold-20,adm,0.27,50.88MB
1791488945.770424676,A-cold-20,rep,0.22,206.2MB
1791488950.847240334,A-cold-20,adm,17.24,142.1MB
1791488950.847240334,A-cold-20,rep,0.36,206.5MB
1791488954.992612740,A-cold-20,adm,25.18,161.9MB
1791488954.992612740,A-cold-20,rep,0.58,205.4MB
1791488959.155274772,A-cold-20,adm,31.54,170.9MB
1791488959.155274772,A-cold-20,rep,0.42,205.7MB
1791488963.299994684,A-cold-20,adm,84.65,192.2MB
1791488963.299994684,A-cold-20,rep,0.21,205.2MB
1791488967.445350165,A-cold-20,adm,52.52,188.2MB
1791488967.445350165,A-cold-20,rep,0.45,205.2MB
1791488971.632158968,A-cold-20,adm,44.34,187.5MB
1791488971.632158968,A-cold-20,rep,0.31,205.7MB
1791488975.860885090,A-cold-20,adm,51.93,190.3MB
1791488975.860885090,A-cold-20,rep,0.32,205.4MB
1791489085.287342490,A-warm-5,adm,84.70,90.3MB
1791489085.287342490,A-warm-5,rep,0.37,205.5MB
1791489089.481670320,A-warm-5,adm,16.33,82.67MB
1791489089.481670320,A-warm-5,rep,0.73,205.5MB
1791489093.621922364,A-warm-5,adm,16.11,101.2MB
1791489093.621922364,A-warm-5,rep,0.35,205.5MB
1791489097.771060689,A-warm-5,adm,42.21,91.48MB
1791489097.771060689,A-warm-5,rep,0.35,206MB
1791489101.929250400,A-warm-5,adm,5.62,93.93MB
1791489101.929250400,A-warm-5,rep,0.46,206MB
1791489177.122572208,A-warm-10,adm,0.53,79.88MB
1791489177.122572208,A-warm-10,rep,0.24,203MB
1791489181.560903169,A-warm-10,adm,21.46,104.3MB
1791489181.560903169,A-warm-10,rep,0.55,203MB
1791489185.707749226,A-warm-10,adm,21.63,112MB
1791489185.707749226,A-warm-10,rep,0.54,203.5MB
1791489189.854194117,A-warm-10,adm,53.81,125.3MB
1791489189.854194117,A-warm-10,rep,0.60,202.8MB
1791489194.020812271,A-warm-10,adm,52.93,114.6MB
1791489194.020812271,A-warm-10,rep,0.28,202.8MB
1791489198.163955584,A-warm-10,adm,47.07,134.8MB
1791489198.163955584,A-warm-10,rep,0.41,203.5MB
1791489202.385982462,A-warm-10,adm,45.41,122.2MB
1791489202.385982462,A-warm-10,rep,0.29,202.8MB
1791489206.531159407,A-warm-10,adm,34.30,116.8MB
1791489206.531159407,A-warm-10,rep,0.55,202.8MB
1791489278.820894107,A-warm-20,adm,0.28,89.23MB
1791489278.820894107,A-warm-20,rep,0.25,204.3MB
1791489283.461129171,A-warm-20,adm,25.43,147.1MB
1791489283.461129171,A-warm-20,rep,0.59,204.6MB
1791489287.602004194,A-warm-20,adm,20.83,168.3MB
1791489287.602004194,A-warm-20,rep,0.31,204.6MB
1791489291.741618795,A-warm-20,adm,24.15,159.5MB
1791489291.741618795,A-warm-20,rep,0.27,204.6MB
1791489295.959082545,A-warm-20,adm,36.88,166.5MB
1791489295.959082545,A-warm-20,rep,0.34,204.6MB
1791489300.134483318,A-warm-20,adm,53.34,185.5MB
1791489300.134483318,A-warm-20,rep,0.54,204.6MB
1791489304.287584343,A-warm-20,adm,28.82,147.4MB
1791489304.287584343,A-warm-20,rep,0.58,204.8MB
1791489308.442159363,A-warm-20,adm,53.62,173MB
1791489308.442159363,A-warm-20,rep,0.22,204.3MB
1791491946.867607399,B-warm-5,adm,27.49,74.36MB
1791491946.867607399,B-warm-5,rep,0.25,61.92MB
