utc_time,cycle,hop,name,status,query_ms
13:06:38,1,router,tuf-repo-cdn.sigstore.dev,NOERROR,12
13:06:38,1,resolved,tuf-repo-cdn.sigstore.dev,NOERROR,0
13:06:38,1,cluster,tuf-repo-cdn.sigstore.dev,NOERROR,0
13:06:38,1,cluster,ghcr.io,NOERROR,16
13:06:38,1,node,tuf-repo-cdn.sigstore.dev,NOERROR,0
13:07:13,2,resolved,tuf-repo-cdn.sigstore.dev,NOERROR,0
13:07:13,2,router,tuf-repo-cdn.sigstore.dev,NOERROR,1
13:07:13,2,node,tuf-repo-cdn.sigstore.dev,NOERROR,0
13:07:13,2,cluster,tuf-repo-cdn.sigstore.dev,NOERROR,0
13:07:13,2,cluster,ghcr.io,NOERROR,0
13:07:48,3,resolved,tuf-repo-cdn.sigstore.dev,NOERROR,2
13:07:48,3,router,tuf-repo-cdn.sigstore.dev,NOERROR,12
13:07:49,3,cluster,tuf-repo-cdn.sigstore.dev,NOERROR,1
13:07:49,3,node,tuf-repo-cdn.sigstore.dev,NOERROR,0
13:07:49,3,cluster,ghcr.io,NOERROR,13
13:08:23,4,resolved,tuf-repo-cdn.sigstore.dev,NOERROR,52
13:08:23,4,router,tuf-repo-cdn.sigstore.dev,NOERROR,43
13:08:23,4,cluster,ghcr.io,NOERROR,0
13:08:23,4,node,tuf-repo-cdn.sigstore.dev,NOERROR,1
13:08:23,4,cluster,tuf-repo-cdn.sigstore.dev,NOERROR,0
13:08:58,5,resolved,tuf-repo-cdn.sigstore.dev,NOERROR,0
13:08:58,5,router,tuf-repo-cdn.sigstore.dev,NOERROR,1
13:08:58,5,cluster,tuf-repo-cdn.sigstore.dev,NOERROR,1
13:08:58,5,node,tuf-repo-cdn.sigstore.dev,NOERROR,0
13:08:58,5,cluster,ghcr.io,NOERROR,13
13:09:33,6,resolved,tuf-repo-cdn.sigstore.dev,NOERROR,53
13:09:33,6,router,tuf-repo-cdn.sigstore.dev,NOERROR,101
13:09:33,6,node,tuf-repo-cdn.sigstore.dev,NOERROR,0
13:09:33,6,cluster,tuf-repo-cdn.sigstore.dev,NOERROR,0
13:09:33,6,cluster,ghcr.io,NOERROR,11
13:10:08,7,router,tuf-repo-cdn.sigstore.dev,NOERROR,1
13:10:08,7,resolved,tuf-repo-cdn.sigstore.dev,NOERROR,0
13:10:08,7,cluster,ghcr.io,NOERROR,12
13:10:08,7,node,tuf-repo-cdn.sigstore.dev,NOERROR,0
13:10:08,7,cluster,tuf-repo-cdn.sigstore.dev,NOERROR,8
13:10:43,8,router,tuf-repo-cdn.sigstore.dev,SERVFAIL,17
13:10:43,8,resolved,tuf-repo-cdn.sigstore.dev,SERVFAIL,10
13:10:43,8,cluster,tuf-repo-cdn.sigstore.dev,NOERROR,12
13:10:43,8,cluster,ghcr.io,NOERROR,3
13:10:43,8,node,tuf-repo-cdn.sigstore.dev,NOERROR,0
13:11:19,9,resolved,tuf-repo-cdn.sigstore.dev,NOERROR,0
13:11:19,9,router,tuf-repo-cdn.sigstore.dev,NOERROR,1
13:11:19,9,node,tuf-repo-cdn.sigstore.dev,NOERROR,0
13:11:19,9,cluster,tuf-repo-cdn.sigstore.dev,NOERROR,0
13:11:19,9,cluster,ghcr.io,NOERROR,15
13:11:53,10,resolved,tuf-repo-cdn.sigstore.dev,NOERROR,47
13:11:53,10,router,tuf-repo-cdn.sigstore.dev,NOERROR,52
13:11:53,10,cluster,tuf-repo-cdn.sigstore.dev,NOERROR,0
13:11:53,10,node,tuf-repo-cdn.sigstore.dev,NOERROR,0
13:11:53,10,cluster,ghcr.io,NOERROR,17
13:12:28,11,router,tuf-repo-cdn.sigstore.dev,NOERROR,2
13:12:28,11,resolved,tuf-repo-cdn.sigstore.dev,NOERROR,0
13:12:28,11,cluster,tuf-repo-cdn.sigstore.dev,NOERROR,0
13:12:28,11,node,tuf-repo-cdn.sigstore.dev,NOERROR,0
13:12:28,11,cluster,ghcr.io,NOERROR,11
13:13:03,12,resolved,tuf-repo-cdn.sigstore.dev,NOERROR,60
13:13:03,12,router,tuf-repo-cdn.sigstore.dev,NOERROR,49
13:13:03,12,node,tuf-repo-cdn.sigstore.dev,NOERROR,0
13:13:03,12,cluster,ghcr.io,NOERROR,12
13:13:03,12,cluster,tuf-repo-cdn.sigstore.dev,NOERROR,0
13:13:38,13,resolved,tuf-repo-cdn.sigstore.dev,NOERROR,0
13:13:38,13,router,tuf-repo-cdn.sigstore.dev,NOERROR,4
13:13:38,13,cluster,ghcr.io,NOERROR,1
13:13:38,13,node,tuf-repo-cdn.sigstore.dev,NOERROR,0
13:13:38,13,cluster,tuf-repo-cdn.sigstore.dev,NOERROR,1
13:14:13,14,router,tuf-repo-cdn.sigstore.dev,NOERROR,49
13:14:14,14,resolved,tuf-repo-cdn.sigstore.dev,NOERROR,92
13:14:14,14,cluster,ghcr.io,NOERROR,13
13:14:14,14,cluster,tuf-repo-cdn.sigstore.dev,NOERROR,2
13:14:14,14,node,tuf-repo-cdn.sigstore.dev,NOERROR,1
13:14:48,15,router,tuf-repo-cdn.sigstore.dev,NOERROR,0
13:14:48,15,resolved,tuf-repo-cdn.sigstore.dev,NOERROR,1
13:14:48,15,cluster,ghcr.io,NOERROR,1
13:14:48,15,cluster,tuf-repo-cdn.sigstore.dev,NOERROR,1
13:14:48,15,node,tuf-repo-cdn.sigstore.dev,NOERROR,2
13:15:23,16,router,tuf-repo-cdn.sigstore.dev,NOERROR,51
13:15:23,16,resolved,tuf-repo-cdn.sigstore.dev,NOERROR,91
13:15:23,16,cluster,tuf-repo-cdn.sigstore.dev,NOERROR,5
13:15:23,16,node,tuf-repo-cdn.sigstore.dev,NOERROR,0
13:15:23,16,cluster,ghcr.io,NOERROR,14
13:15:58,17,resolved,tuf-repo-cdn.sigstore.dev,NOERROR,0
13:15:58,17,router,tuf-repo-cdn.sigstore.dev,NOERROR,1
13:15:58,17,node,tuf-repo-cdn.sigstore.dev,NOERROR,0
13:15:58,17,cluster,tuf-repo-cdn.sigstore.dev,NOERROR,0
13:15:58,17,cluster,ghcr.io,NOERROR,0
13:16:33,18,cluster,tuf-repo-cdn.sigstore.dev,NOERROR,30
13:16:33,18,resolved,tuf-repo-cdn.sigstore.dev,NOERROR,92
13:16:33,18,node,tuf-repo-cdn.sigstore.dev,NOERROR,0
13:16:33,18,router,tuf-repo-cdn.sigstore.dev,NOERROR,92
13:16:33,18,cluster,ghcr.io,NOERROR,13
13:17:08,19,resolved,tuf-repo-cdn.sigstore.dev,NOERROR,0
13:17:08,19,router,tuf-repo-cdn.sigstore.dev,NOERROR,2
13:17:08,19,cluster,ghcr.io,NOERROR,11
13:17:08,19,node,tuf-repo-cdn.sigstore.dev,NOERROR,0
13:17:08,19,cluster,tuf-repo-cdn.sigstore.dev,NOERROR,1
13:17:44,20,resolved,tuf-repo-cdn.sigstore.dev,NOERROR,60
13:17:44,20,router,tuf-repo-cdn.sigstore.dev,NOERROR,60
13:17:44,20,cluster,tuf-repo-cdn.sigstore.dev,NOERROR,0
13:17:44,20,node,tuf-repo-cdn.sigstore.dev,NOERROR,0
13:17:44,20,cluster,ghcr.io,NOERROR,17
13:18:18,21,resolved,tuf-repo-cdn.sigstore.dev,NOERROR,0
13:18:18,21,router,tuf-repo-cdn.sigstore.dev,NOERROR,2
13:18:18,21,node,tuf-repo-cdn.sigstore.dev,NOERROR,0
13:18:18,21,cluster,ghcr.io,NOERROR,14
13:18:18,21,cluster,tuf-repo-cdn.sigstore.dev,NOERROR,1
13:18:53,22,router,tuf-repo-cdn.sigstore.dev,NOERROR,49
13:18:53,22,resolved,tuf-repo-cdn.sigstore.dev,NOERROR,51
13:18:53,22,node,tuf-repo-cdn.sigstore.dev,NOERROR,0
13:18:53,22,cluster,tuf-repo-cdn.sigstore.dev,NOERROR,0
13:18:53,22,cluster,ghcr.io,NOERROR,11
13:19:28,23,resolved,tuf-repo-cdn.sigstore.dev,NOERROR,0
13:19:28,23,router,tuf-repo-cdn.sigstore.dev,NOERROR,1
13:19:28,23,cluster,tuf-repo-cdn.sigstore.dev,NOERROR,0
13:19:28,23,node,tuf-repo-cdn.sigstore.dev,NOERROR,0
13:19:28,23,cluster,ghcr.io,NOERROR,13
13:20:03,24,router,tuf-repo-cdn.sigstore.dev,SERVFAIL,12
13:20:03,24,resolved,tuf-repo-cdn.sigstore.dev,SERVFAIL,11
13:20:03,24,cluster,tuf-repo-cdn.sigstore.dev,NOERROR,18
13:20:03,24,cluster,ghcr.io,NOERROR,12
13:20:03,24,node,tuf-repo-cdn.sigstore.dev,NOERROR,0
13:20:38,25,resolved,tuf-repo-cdn.sigstore.dev,NOERROR,0
13:20:38,25,router,tuf-repo-cdn.sigstore.dev,NOERROR,1
13:20:39,25,cluster,ghcr.io,NOERROR,0
13:20:39,25,node,tuf-repo-cdn.sigstore.dev,NOERROR,0
13:20:39,25,cluster,tuf-repo-cdn.sigstore.dev,NOERROR,0
13:21:13,26,router,tuf-repo-cdn.sigstore.dev,NOERROR,49
13:21:13,26,resolved,tuf-repo-cdn.sigstore.dev,NOERROR,53
13:21:13,26,cluster,tuf-repo-cdn.sigstore.dev,NOERROR,1
13:21:13,26,node,tuf-repo-cdn.sigstore.dev,NOERROR,1
13:21:13,26,cluster,ghcr.io,NOERROR,12
13:21:48,27,router,tuf-repo-cdn.sigstore.dev,NOERROR,3
13:21:48,27,resolved,tuf-repo-cdn.sigstore.dev,NOERROR,0
13:21:48,27,cluster,ghcr.io,NOERROR,2
13:21:48,27,cluster,tuf-repo-cdn.sigstore.dev,NOERROR,1
13:21:48,27,node,tuf-repo-cdn.sigstore.dev,NOERROR,0
13:22:23,28,resolved,tuf-repo-cdn.sigstore.dev,NOERROR,104
13:22:23,28,router,tuf-repo-cdn.sigstore.dev,NOERROR,78
13:22:23,28,node,tuf-repo-cdn.sigstore.dev,NOERROR,10
13:22:23,28,cluster,ghcr.io,NOERROR,11
13:22:23,28,cluster,tuf-repo-cdn.sigstore.dev,NOERROR,14
13:22:58,29,resolved,tuf-repo-cdn.sigstore.dev,NOERROR,0
13:22:58,29,router,tuf-repo-cdn.sigstore.dev,NOERROR,1
13:22:58,29,node,tuf-repo-cdn.sigstore.dev,NOERROR,0
13:22:58,29,cluster,tuf-repo-cdn.sigstore.dev,NOERROR,2
13:22:58,29,cluster,ghcr.io,NOERROR,16
13:23:33,30,router,tuf-repo-cdn.sigstore.dev,NOERROR,46
13:23:33,30,resolved,tuf-repo-cdn.sigstore.dev,NOERROR,51
13:23:33,30,cluster,tuf-repo-cdn.sigstore.dev,NOERROR,1
13:23:33,30,node,tuf-repo-cdn.sigstore.dev,NOERROR,2
13:23:33,30,cluster,ghcr.io,NOERROR,1
13:24:09,31,resolved,tuf-repo-cdn.sigstore.dev,NOERROR,0
13:24:09,31,router,tuf-repo-cdn.sigstore.dev,NOERROR,3
13:24:09,31,node,tuf-repo-cdn.sigstore.dev,NOERROR,1
13:24:09,31,cluster,ghcr.io,NOERROR,11
13:24:09,31,cluster,tuf-repo-cdn.sigstore.dev,NOERROR,0
13:24:43,32,resolved,tuf-repo-cdn.sigstore.dev,NOERROR,54
13:24:43,32,router,tuf-repo-cdn.sigstore.dev,NOERROR,43
13:24:43,32,cluster,tuf-repo-cdn.sigstore.dev,NOERROR,2
13:24:43,32,node,tuf-repo-cdn.sigstore.dev,NOERROR,0
13:24:43,32,cluster,ghcr.io,NOERROR,12
13:25:18,33,resolved,tuf-repo-cdn.sigstore.dev,NOERROR,0
13:25:18,33,router,tuf-repo-cdn.sigstore.dev,NOERROR,1
13:25:18,33,cluster,tuf-repo-cdn.sigstore.dev,NOERROR,1
13:25:18,33,node,tuf-repo-cdn.sigstore.dev,NOERROR,0
13:25:18,33,cluster,ghcr.io,NOERROR,13
13:25:53,34,cluster,tuf-repo-cdn.sigstore.dev,NOERROR,0
13:25:53,34,resolved,tuf-repo-cdn.sigstore.dev,NOERROR,92
13:25:53,34,router,tuf-repo-cdn.sigstore.dev,NOERROR,82
13:25:53,34,node,tuf-repo-cdn.sigstore.dev,NOERROR,0
13:25:53,34,cluster,ghcr.io,NOERROR,1
13:26:28,35,resolved,tuf-repo-cdn.sigstore.dev,NOERROR,0
13:26:28,35,router,tuf-repo-cdn.sigstore.dev,NOERROR,1
13:26:28,35,cluster,tuf-repo-cdn.sigstore.dev,NOERROR,0
13:26:28,35,node,tuf-repo-cdn.sigstore.dev,NOERROR,0
13:26:28,35,cluster,ghcr.io,NOERROR,13
13:27:03,36,router,tuf-repo-cdn.sigstore.dev,NOERROR,49
13:27:03,36,resolved,tuf-repo-cdn.sigstore.dev,NOERROR,67
13:27:04,36,cluster,tuf-repo-cdn.sigstore.dev,NOERROR,1
13:27:04,36,node,tuf-repo-cdn.sigstore.dev,NOERROR,0
13:27:04,36,cluster,ghcr.io,NOERROR,12
13:27:38,37,router,tuf-repo-cdn.sigstore.dev,NOERROR,1
13:27:38,37,resolved,tuf-repo-cdn.sigstore.dev,NOERROR,0
13:27:38,37,node,tuf-repo-cdn.sigstore.dev,NOERROR,0
13:27:38,37,cluster,tuf-repo-cdn.sigstore.dev,NOERROR,1
13:27:38,37,cluster,ghcr.io,NOERROR,12
13:28:13,38,router,tuf-repo-cdn.sigstore.dev,SERVFAIL,11
13:28:13,38,resolved,tuf-repo-cdn.sigstore.dev,NOERROR,50
13:28:13,38,node,tuf-repo-cdn.sigstore.dev,NOERROR,0
13:28:13,38,cluster,tuf-repo-cdn.sigstore.dev,NOERROR,1
13:28:13,38,cluster,ghcr.io,NOERROR,45
13:28:48,39,router,tuf-repo-cdn.sigstore.dev,NOERROR,1
13:28:48,39,resolved,tuf-repo-cdn.sigstore.dev,NOERROR,2
13:28:48,39,node,tuf-repo-cdn.sigstore.dev,NOERROR,0
13:28:48,39,cluster,ghcr.io,NOERROR,4
13:28:48,39,cluster,tuf-repo-cdn.sigstore.dev,NOERROR,2
13:29:23,40,resolved,tuf-repo-cdn.sigstore.dev,SERVFAIL,24
13:29:23,40,router,tuf-repo-cdn.sigstore.dev,NOERROR,85
13:29:23,40,node,tuf-repo-cdn.sigstore.dev,NOERROR,3
13:29:23,40,cluster,ghcr.io,NOERROR,20
13:29:23,40,cluster,tuf-repo-cdn.sigstore.dev,NOERROR,1
13:29:58,41,resolved,tuf-repo-cdn.sigstore.dev,NOERROR,0
13:29:58,41,router,tuf-repo-cdn.sigstore.dev,NOERROR,1
13:29:58,41,cluster,tuf-repo-cdn.sigstore.dev,NOERROR,0
13:29:58,41,cluster,ghcr.io,NOERROR,0
13:29:58,41,node,tuf-repo-cdn.sigstore.dev,NOERROR,0
13:30:34,42,resolved,tuf-repo-cdn.sigstore.dev,SERVFAIL,17
13:30:34,42,router,tuf-repo-cdn.sigstore.dev,NOERROR,49
13:30:34,42,cluster,ghcr.io,NOERROR,13
13:30:34,42,node,tuf-repo-cdn.sigstore.dev,NOERROR,3
13:30:34,42,cluster,tuf-repo-cdn.sigstore.dev,NOERROR,1
13:31:08,43,router,tuf-repo-cdn.sigstore.dev,NOERROR,1
13:31:08,43,resolved,tuf-repo-cdn.sigstore.dev,NOERROR,0
13:31:08,43,node,tuf-repo-cdn.sigstore.dev,NOERROR,1
13:31:08,43,cluster,tuf-repo-cdn.sigstore.dev,NOERROR,1
13:31:08,43,cluster,ghcr.io,NOERROR,2
13:31:43,44,resolved,tuf-repo-cdn.sigstore.dev,NOERROR,54
13:31:43,44,router,tuf-repo-cdn.sigstore.dev,NOERROR,39
13:31:43,44,node,tuf-repo-cdn.sigstore.dev,NOERROR,0
13:31:43,44,cluster,tuf-repo-cdn.sigstore.dev,NOERROR,1
13:31:43,44,cluster,ghcr.io,NOERROR,12
13:32:18,45,resolved,tuf-repo-cdn.sigstore.dev,NOERROR,0
13:32:18,45,router,tuf-repo-cdn.sigstore.dev,NOERROR,2
13:32:18,45,cluster,tuf-repo-cdn.sigstore.dev,NOERROR,1
13:32:18,45,node,tuf-repo-cdn.sigstore.dev,NOERROR,0
13:32:18,45,cluster,ghcr.io,NOERROR,13
13:32:53,46,resolved,tuf-repo-cdn.sigstore.dev,SERVFAIL,12
13:32:53,46,router,tuf-repo-cdn.sigstore.dev,NOERROR,50
13:32:53,46,cluster,ghcr.io,NOERROR,12
13:32:53,46,cluster,tuf-repo-cdn.sigstore.dev,NOERROR,4
13:32:53,46,node,tuf-repo-cdn.sigstore.dev,NOERROR,1
13:33:29,47,resolved,tuf-repo-cdn.sigstore.dev,NOERROR,0
13:33:29,47,router,tuf-repo-cdn.sigstore.dev,NOERROR,1
13:33:29,47,cluster,tuf-repo-cdn.sigstore.dev,NOERROR,0
13:33:29,47,node,tuf-repo-cdn.sigstore.dev,NOERROR,0
13:33:29,47,cluster,ghcr.io,NOERROR,13
13:34:03,48,router,tuf-repo-cdn.sigstore.dev,SERVFAIL,24
13:34:03,48,resolved,tuf-repo-cdn.sigstore.dev,NOERROR,41
13:34:03,48,node,tuf-repo-cdn.sigstore.dev,NOERROR,0
13:34:03,48,cluster,tuf-repo-cdn.sigstore.dev,NOERROR,0
13:34:03,48,cluster,ghcr.io,NOERROR,16
13:34:38,49,resolved,tuf-repo-cdn.sigstore.dev,NOERROR,0
13:34:38,49,router,tuf-repo-cdn.sigstore.dev,NOERROR,2
13:34:38,49,cluster,tuf-repo-cdn.sigstore.dev,NOERROR,1
13:34:38,49,node,tuf-repo-cdn.sigstore.dev,NOERROR,0
13:34:38,49,cluster,ghcr.io,NOERROR,12
13:35:13,50,router,tuf-repo-cdn.sigstore.dev,SERVFAIL,9
13:35:13,50,resolved,tuf-repo-cdn.sigstore.dev,NOERROR,63
13:35:13,50,node,tuf-repo-cdn.sigstore.dev,NOERROR,0
13:35:13,50,cluster,ghcr.io,NOERROR,2
13:35:13,50,cluster,tuf-repo-cdn.sigstore.dev,NOERROR,2
13:35:48,51,router,tuf-repo-cdn.sigstore.dev,NOERROR,3
13:35:48,51,resolved,tuf-repo-cdn.sigstore.dev,NOERROR,3
13:35:48,51,node,tuf-repo-cdn.sigstore.dev,NOERROR,0
13:35:48,51,cluster,tuf-repo-cdn.sigstore.dev,NOERROR,0
13:35:48,51,cluster,ghcr.io,NOERROR,14
13:36:23,52,resolved,tuf-repo-cdn.sigstore.dev,NOERROR,48
13:36:23,52,router,tuf-repo-cdn.sigstore.dev,NOERROR,75
13:36:23,52,node,tuf-repo-cdn.sigstore.dev,NOERROR,2
13:36:24,52,cluster,ghcr.io,NOERROR,0
13:36:24,52,cluster,tuf-repo-cdn.sigstore.dev,NOERROR,5
13:36:58,53,resolved,tuf-repo-cdn.sigstore.dev,NOERROR,0
13:36:58,53,router,tuf-repo-cdn.sigstore.dev,NOERROR,1
13:36:58,53,node,tuf-repo-cdn.sigstore.dev,NOERROR,0
13:36:58,53,cluster,ghcr.io,NOERROR,12
13:36:58,53,cluster,tuf-repo-cdn.sigstore.dev,NOERROR,0
13:37:33,54,resolved,tuf-repo-cdn.sigstore.dev,SERVFAIL,24
13:37:33,54,router,tuf-repo-cdn.sigstore.dev,SERVFAIL,11
13:37:33,54,cluster,ghcr.io,NOERROR,1
13:37:33,54,cluster,tuf-repo-cdn.sigstore.dev,NOERROR,16
13:37:33,54,node,tuf-repo-cdn.sigstore.dev,NOERROR,0
13:38:08,55,router,tuf-repo-cdn.sigstore.dev,NOERROR,1
13:38:08,55,resolved,tuf-repo-cdn.sigstore.dev,NOERROR,0
13:38:08,55,cluster,ghcr.io,NOERROR,12
13:38:08,55,cluster,tuf-repo-cdn.sigstore.dev,NOERROR,0
13:38:08,55,node,tuf-repo-cdn.sigstore.dev,NOERROR,1
13:38:43,56,node,tuf-repo-cdn.sigstore.dev,NOERROR,27
13:38:43,56,cluster,tuf-repo-cdn.sigstore.dev,NOERROR,0
13:38:43,56,router,tuf-repo-cdn.sigstore.dev,NOERROR,89
13:38:43,56,resolved,tuf-repo-cdn.sigstore.dev,NOERROR,103
13:38:43,56,cluster,ghcr.io,NOERROR,17
13:39:18,57,resolved,tuf-repo-cdn.sigstore.dev,NOERROR,0
13:39:18,57,router,tuf-repo-cdn.sigstore.dev,NOERROR,2
13:39:19,57,node,tuf-repo-cdn.sigstore.dev,NOERROR,0
13:39:19,57,cluster,tuf-repo-cdn.sigstore.dev,NOERROR,1
13:39:19,57,cluster,ghcr.io,NOERROR,11
13:39:53,58,router,tuf-repo-cdn.sigstore.dev,SERVFAIL,17
13:39:53,58,resolved,tuf-repo-cdn.sigstore.dev,NOERROR,53
13:39:53,58,node,tuf-repo-cdn.sigstore.dev,NOERROR,0
13:39:53,58,cluster,ghcr.io,NOERROR,0
13:39:53,58,cluster,tuf-repo-cdn.sigstore.dev,NOERROR,1
13:40:28,59,resolved,tuf-repo-cdn.sigstore.dev,NOERROR,0
13:40:28,59,router,tuf-repo-cdn.sigstore.dev,NOERROR,2
13:40:28,59,node,tuf-repo-cdn.sigstore.dev,NOERROR,0
13:40:28,59,cluster,ghcr.io,NOERROR,14
13:40:28,59,cluster,tuf-repo-cdn.sigstore.dev,NOERROR,1
13:41:03,60,router,tuf-repo-cdn.sigstore.dev,SERVFAIL,13
13:41:03,60,cluster,ghcr.io,NOERROR,13
13:41:03,60,cluster,tuf-repo-cdn.sigstore.dev,NOERROR,47
13:41:03,60,node,tuf-repo-cdn.sigstore.dev,NOERROR,37
13:41:03,60,resolved,tuf-repo-cdn.sigstore.dev,NOERROR,148
13:41:38,61,resolved,tuf-repo-cdn.sigstore.dev,NOERROR,0
13:41:38,61,router,tuf-repo-cdn.sigstore.dev,NOERROR,2
13:41:38,61,node,tuf-repo-cdn.sigstore.dev,NOERROR,0
13:41:38,61,cluster,tuf-repo-cdn.sigstore.dev,NOERROR,1
13:41:38,61,cluster,ghcr.io,NOERROR,1
13:42:13,62,resolved,tuf-repo-cdn.sigstore.dev,SERVFAIL,18
13:42:13,62,router,tuf-repo-cdn.sigstore.dev,NOERROR,55
13:42:13,62,cluster,tuf-repo-cdn.sigstore.dev,NOERROR,3
13:42:13,62,cluster,ghcr.io,NOERROR,14
13:42:13,62,node,tuf-repo-cdn.sigstore.dev,NOERROR,0
13:42:49,63,router,tuf-repo-cdn.sigstore.dev,NOERROR,1
13:42:49,63,resolved,tuf-repo-cdn.sigstore.dev,NOERROR,0
13:42:49,63,cluster,ghcr.io,NOERROR,2
13:42:49,63,cluster,tuf-repo-cdn.sigstore.dev,NOERROR,1
13:42:49,63,node,tuf-repo-cdn.sigstore.dev,NOERROR,0
13:43:23,64,router,tuf-repo-cdn.sigstore.dev,NOERROR,57
13:43:23,64,cluster,ghcr.io,NOERROR,13
13:43:23,64,node,tuf-repo-cdn.sigstore.dev,NOERROR,19
13:43:23,64,resolved,tuf-repo-cdn.sigstore.dev,NOERROR,117
13:43:23,64,cluster,tuf-repo-cdn.sigstore.dev,NOERROR,14
13:43:58,65,resolved,tuf-repo-cdn.sigstore.dev,NOERROR,0
13:43:58,65,router,tuf-repo-cdn.sigstore.dev,NOERROR,3
13:43:58,65,node,tuf-repo-cdn.sigstore.dev,NOERROR,0
13:43:58,65,cluster,ghcr.io,NOERROR,0
13:43:58,65,cluster,tuf-repo-cdn.sigstore.dev,NOERROR,0
13:44:33,66,router,tuf-repo-cdn.sigstore.dev,NOERROR,55
13:44:33,66,resolved,tuf-repo-cdn.sigstore.dev,NOERROR,69
13:44:33,66,cluster,tuf-repo-cdn.sigstore.dev,NOERROR,0
13:44:33,66,node,tuf-repo-cdn.sigstore.dev,NOERROR,0
13:44:33,66,cluster,ghcr.io,NOERROR,11
13:45:08,67,resolved,tuf-repo-cdn.sigstore.dev,NOERROR,0
13:45:08,67,router,tuf-repo-cdn.sigstore.dev,NOERROR,1
13:45:08,67,node,tuf-repo-cdn.sigstore.dev,NOERROR,0
13:45:08,67,cluster,ghcr.io,NOERROR,13
13:45:08,67,cluster,tuf-repo-cdn.sigstore.dev,NOERROR,0
13:45:43,68,router,tuf-repo-cdn.sigstore.dev,SERVFAIL,11
13:45:44,68,cluster,ghcr.io,NOERROR,0
13:45:44,68,node,tuf-repo-cdn.sigstore.dev,NOERROR,6
13:45:44,68,resolved,tuf-repo-cdn.sigstore.dev,NOERROR,110
13:45:44,68,cluster,tuf-repo-cdn.sigstore.dev,NOERROR,0
13:46:18,69,resolved,tuf-repo-cdn.sigstore.dev,NOERROR,0
13:46:18,69,router,tuf-repo-cdn.sigstore.dev,NOERROR,1
13:46:18,69,node,tuf-repo-cdn.sigstore.dev,NOERROR,0
13:46:18,69,cluster,tuf-repo-cdn.sigstore.dev,NOERROR,2
13:46:18,69,cluster,ghcr.io,NOERROR,12
13:46:53,70,router,tuf-repo-cdn.sigstore.dev,NOERROR,92
13:46:53,70,cluster,ghcr.io,NOERROR,1
13:46:53,70,resolved,tuf-repo-cdn.sigstore.dev,NOERROR,106
13:46:53,70,node,tuf-repo-cdn.sigstore.dev,NOERROR,10
13:46:53,70,cluster,tuf-repo-cdn.sigstore.dev,NOERROR,7
13:47:28,71,resolved,tuf-repo-cdn.sigstore.dev,NOERROR,0
13:47:28,71,router,tuf-repo-cdn.sigstore.dev,NOERROR,2
13:47:28,71,cluster,tuf-repo-cdn.sigstore.dev,NOERROR,1
13:47:28,71,cluster,ghcr.io,NOERROR,12
13:47:28,71,node,tuf-repo-cdn.sigstore.dev,NOERROR,1
13:48:03,72,cluster,ghcr.io,NOERROR,1
13:48:03,72,router,tuf-repo-cdn.sigstore.dev,NOERROR,95
13:48:03,72,resolved,tuf-repo-cdn.sigstore.dev,NOERROR,93
13:48:03,72,cluster,tuf-repo-cdn.sigstore.dev,NOERROR,4
13:48:03,72,node,tuf-repo-cdn.sigstore.dev,NOERROR,5
13:48:38,73,resolved,tuf-repo-cdn.sigstore.dev,NOERROR,0
13:48:38,73,router,tuf-repo-cdn.sigstore.dev,NOERROR,1
13:48:38,73,node,tuf-repo-cdn.sigstore.dev,NOERROR,1
13:48:38,73,cluster,tuf-repo-cdn.sigstore.dev,NOERROR,1
13:48:39,73,cluster,ghcr.io,NOERROR,15
13:49:13,74,resolved,tuf-repo-cdn.sigstore.dev,SERVFAIL,12
13:49:13,74,router,tuf-repo-cdn.sigstore.dev,NOERROR,51
13:49:13,74,node,tuf-repo-cdn.sigstore.dev,NOERROR,4
13:49:13,74,cluster,tuf-repo-cdn.sigstore.dev,NOERROR,1
13:49:13,74,cluster,ghcr.io,NOERROR,13
13:49:48,75,router,tuf-repo-cdn.sigstore.dev,NOERROR,1
13:49:48,75,resolved,tuf-repo-cdn.sigstore.dev,NOERROR,0
13:49:48,75,cluster,tuf-repo-cdn.sigstore.dev,NOERROR,0
13:49:48,75,cluster,ghcr.io,NOERROR,14
13:49:48,75,node,tuf-repo-cdn.sigstore.dev,NOERROR,0
13:50:23,76,resolved,tuf-repo-cdn.sigstore.dev,SERVFAIL,16
13:50:23,76,router,tuf-repo-cdn.sigstore.dev,NOERROR,78
13:50:23,76,cluster,tuf-repo-cdn.sigstore.dev,NOERROR,2
13:50:23,76,cluster,ghcr.io,NOERROR,15
13:50:23,76,node,tuf-repo-cdn.sigstore.dev,NOERROR,2
13:50:58,77,router,tuf-repo-cdn.sigstore.dev,NOERROR,1
13:50:58,77,resolved,tuf-repo-cdn.sigstore.dev,NOERROR,0
13:50:58,77,node,tuf-repo-cdn.sigstore.dev,NOERROR,0
13:50:58,77,cluster,ghcr.io,NOERROR,1
13:50:58,77,cluster,tuf-repo-cdn.sigstore.dev,NOERROR,0
13:51:33,78,resolved,tuf-repo-cdn.sigstore.dev,NOERROR,51
13:51:33,78,router,tuf-repo-cdn.sigstore.dev,NOERROR,46
13:51:33,78,cluster,tuf-repo-cdn.sigstore.dev,NOERROR,1
13:51:33,78,node,tuf-repo-cdn.sigstore.dev,NOERROR,0
13:51:33,78,cluster,ghcr.io,NOERROR,12
13:52:08,79,router,tuf-repo-cdn.sigstore.dev,NOERROR,3
13:52:09,79,resolved,tuf-repo-cdn.sigstore.dev,NOERROR,0
13:52:09,79,cluster,ghcr.io,NOERROR,2
13:52:09,79,cluster,tuf-repo-cdn.sigstore.dev,NOERROR,0
13:52:09,79,node,tuf-repo-cdn.sigstore.dev,NOERROR,0
13:52:43,80,router,tuf-repo-cdn.sigstore.dev,SERVFAIL,14
13:52:43,80,resolved,tuf-repo-cdn.sigstore.dev,SERVFAIL,11
13:52:43,80,cluster,tuf-repo-cdn.sigstore.dev,SERVFAIL,2
13:52:43,80,node,tuf-repo-cdn.sigstore.dev,SERVFAIL,11
13:52:43,80,cluster,ghcr.io,NOERROR,12
13:53:18,81,cluster,ghcr.io,NOERROR,0
13:53:18,81,resolved,tuf-repo-cdn.sigstore.dev,NOERROR,91
13:53:18,81,cluster,tuf-repo-cdn.sigstore.dev,NOERROR,27
13:53:18,81,node,tuf-repo-cdn.sigstore.dev,NOERROR,0
13:53:20,81,router,tuf-repo-cdn.sigstore.dev,NOERROR,2298
13:53:53,82,resolved,tuf-repo-cdn.sigstore.dev,NOERROR,1
13:53:53,82,router,tuf-repo-cdn.sigstore.dev,NOERROR,1
13:53:53,82,cluster,tuf-repo-cdn.sigstore.dev,NOERROR,1
13:53:53,82,cluster,ghcr.io,NOERROR,13
13:53:53,82,node,tuf-repo-cdn.sigstore.dev,NOERROR,0
13:54:28,83,router,tuf-repo-cdn.sigstore.dev,NOERROR,52
13:54:28,83,resolved,tuf-repo-cdn.sigstore.dev,NOERROR,52
13:54:28,83,node,tuf-repo-cdn.sigstore.dev,NOERROR,0
13:54:28,83,cluster,ghcr.io,NOERROR,11
13:54:28,83,cluster,tuf-repo-cdn.sigstore.dev,NOERROR,1
13:55:04,84,router,tuf-repo-cdn.sigstore.dev,NOERROR,0
13:55:04,84,resolved,tuf-repo-cdn.sigstore.dev,NOERROR,0
13:55:04,84,cluster,ghcr.io,NOERROR,12
13:55:04,84,node,tuf-repo-cdn.sigstore.dev,NOERROR,0
13:55:04,84,cluster,tuf-repo-cdn.sigstore.dev,NOERROR,1
13:55:38,85,resolved,tuf-repo-cdn.sigstore.dev,SERVFAIL,11
13:55:38,85,router,tuf-repo-cdn.sigstore.dev,NOERROR,69
13:55:38,85,node,tuf-repo-cdn.sigstore.dev,NOERROR,4
13:55:38,85,cluster,tuf-repo-cdn.sigstore.dev,NOERROR,2
13:55:38,85,cluster,ghcr.io,NOERROR,1
13:56:13,86,router,tuf-repo-cdn.sigstore.dev,NOERROR,2
13:56:13,86,resolved,tuf-repo-cdn.sigstore.dev,NOERROR,0
13:56:13,86,cluster,tuf-repo-cdn.sigstore.dev,NOERROR,0
13:56:13,86,node,tuf-repo-cdn.sigstore.dev,NOERROR,0
13:56:13,86,cluster,ghcr.io,NOERROR,12
13:56:48,87,router,tuf-repo-cdn.sigstore.dev,SERVFAIL,21
13:56:48,87,resolved,tuf-repo-cdn.sigstore.dev,SERVFAIL,10
13:56:48,87,node,tuf-repo-cdn.sigstore.dev,NOERROR,9
13:56:48,87,cluster,tuf-repo-cdn.sigstore.dev,NOERROR,14
13:56:48,87,cluster,ghcr.io,NOERROR,14
13:57:23,88,router,tuf-repo-cdn.sigstore.dev,NOERROR,1
13:57:23,88,resolved,tuf-repo-cdn.sigstore.dev,NOERROR,0
13:57:23,88,cluster,tuf-repo-cdn.sigstore.dev,NOERROR,0
13:57:23,88,node,tuf-repo-cdn.sigstore.dev,NOERROR,0
13:57:23,88,cluster,ghcr.io,NOERROR,15
13:57:59,89,node,tuf-repo-cdn.sigstore.dev,NOERROR,0
13:57:59,89,resolved,tuf-repo-cdn.sigstore.dev,NOERROR,69
13:57:59,89,cluster,tuf-repo-cdn.sigstore.dev,NOERROR,5
13:57:59,89,cluster,ghcr.io,NOERROR,1
13:57:59,89,router,tuf-repo-cdn.sigstore.dev,NOERROR,93
13:58:33,90,router,tuf-repo-cdn.sigstore.dev,NOERROR,1
13:58:33,90,resolved,tuf-repo-cdn.sigstore.dev,NOERROR,0
13:58:33,90,cluster,tuf-repo-cdn.sigstore.dev,NOERROR,1
13:58:33,90,node,tuf-repo-cdn.sigstore.dev,NOERROR,0
13:58:33,90,cluster,ghcr.io,NOERROR,11
13:59:08,91,resolved,tuf-repo-cdn.sigstore.dev,NOERROR,92
13:59:08,91,cluster,tuf-repo-cdn.sigstore.dev,NOERROR,21
13:59:08,91,node,tuf-repo-cdn.sigstore.dev,NOERROR,0
13:59:08,91,router,tuf-repo-cdn.sigstore.dev,NOERROR,104
13:59:08,91,cluster,ghcr.io,NOERROR,11
13:59:43,92,router,tuf-repo-cdn.sigstore.dev,NOERROR,1
13:59:43,92,resolved,tuf-repo-cdn.sigstore.dev,NOERROR,0
13:59:43,92,cluster,tuf-repo-cdn.sigstore.dev,NOERROR,0
13:59:43,92,cluster,ghcr.io,NOERROR,14
13:59:43,92,node,tuf-repo-cdn.sigstore.dev,NOERROR,0
14:00:18,93,resolved,tuf-repo-cdn.sigstore.dev,NOERROR,53
14:00:18,93,router,tuf-repo-cdn.sigstore.dev,NOERROR,41
14:00:18,93,cluster,tuf-repo-cdn.sigstore.dev,NOERROR,1
14:00:18,93,node,tuf-repo-cdn.sigstore.dev,NOERROR,0
14:00:18,93,cluster,ghcr.io,NOERROR,12
14:00:53,94,resolved,tuf-repo-cdn.sigstore.dev,NOERROR,0
14:00:53,94,router,tuf-repo-cdn.sigstore.dev,NOERROR,2
14:00:53,94,cluster,tuf-repo-cdn.sigstore.dev,NOERROR,0
14:00:53,94,node,tuf-repo-cdn.sigstore.dev,NOERROR,0
14:00:53,94,cluster,ghcr.io,NOERROR,16
14:01:29,95,resolved,tuf-repo-cdn.sigstore.dev,NOERROR,52
14:01:29,95,router,tuf-repo-cdn.sigstore.dev,NOERROR,58
14:01:29,95,cluster,tuf-repo-cdn.sigstore.dev,NOERROR,0
14:01:29,95,node,tuf-repo-cdn.sigstore.dev,NOERROR,0
14:01:29,95,cluster,ghcr.io,NOERROR,12
14:02:03,96,resolved,tuf-repo-cdn.sigstore.dev,NOERROR,0
14:02:03,96,router,tuf-repo-cdn.sigstore.dev,NOERROR,1
14:02:03,96,node,tuf-repo-cdn.sigstore.dev,NOERROR,0
14:02:03,96,cluster,ghcr.io,NOERROR,12
14:02:03,96,cluster,tuf-repo-cdn.sigstore.dev,NOERROR,0
14:02:38,97,resolved,tuf-repo-cdn.sigstore.dev,NOERROR,53
14:02:38,97,router,tuf-repo-cdn.sigstore.dev,NOERROR,44
14:02:38,97,cluster,tuf-repo-cdn.sigstore.dev,NOERROR,2
14:02:38,97,node,tuf-repo-cdn.sigstore.dev,NOERROR,0
14:02:38,97,cluster,ghcr.io,NOERROR,3
14:03:13,98,router,tuf-repo-cdn.sigstore.dev,NOERROR,1
14:03:13,98,resolved,tuf-repo-cdn.sigstore.dev,NOERROR,0
14:03:13,98,cluster,tuf-repo-cdn.sigstore.dev,NOERROR,0
14:03:13,98,cluster,ghcr.io,NOERROR,13
14:03:13,98,node,tuf-repo-cdn.sigstore.dev,NOERROR,0
14:03:48,99,router,tuf-repo-cdn.sigstore.dev,SERVFAIL,12
14:03:48,99,resolved,tuf-repo-cdn.sigstore.dev,NOERROR,46
14:03:48,99,node,tuf-repo-cdn.sigstore.dev,NOERROR,0
14:03:48,99,cluster,tuf-repo-cdn.sigstore.dev,NOERROR,1
14:03:48,99,cluster,ghcr.io,NOERROR,0
14:04:23,100,router,tuf-repo-cdn.sigstore.dev,NOERROR,1
14:04:23,100,resolved,tuf-repo-cdn.sigstore.dev,NOERROR,0
14:04:24,100,node,tuf-repo-cdn.sigstore.dev,NOERROR,0
14:04:24,100,cluster,tuf-repo-cdn.sigstore.dev,NOERROR,0
14:04:24,100,cluster,ghcr.io,NOERROR,11
14:04:58,101,resolved,tuf-repo-cdn.sigstore.dev,SERVFAIL,58
14:04:58,101,router,tuf-repo-cdn.sigstore.dev,SERVFAIL,44
14:04:58,101,cluster,ghcr.io,NOERROR,0
14:04:58,101,cluster,tuf-repo-cdn.sigstore.dev,NOERROR,100
14:04:58,101,node,tuf-repo-cdn.sigstore.dev,NOERROR,99
14:05:33,102,resolved,tuf-repo-cdn.sigstore.dev,NOERROR,0
14:05:33,102,router,tuf-repo-cdn.sigstore.dev,NOERROR,1
14:05:33,102,cluster,ghcr.io,NOERROR,12
14:05:33,102,node,tuf-repo-cdn.sigstore.dev,NOERROR,1
14:05:33,102,cluster,tuf-repo-cdn.sigstore.dev,NOERROR,0
14:06:08,103,cluster,ghcr.io,NOERROR,14
14:06:08,103,node,tuf-repo-cdn.sigstore.dev,NOERROR,14
14:06:08,103,cluster,tuf-repo-cdn.sigstore.dev,NOERROR,10
14:06:08,103,router,tuf-repo-cdn.sigstore.dev,NOERROR,108
14:06:08,103,resolved,tuf-repo-cdn.sigstore.dev,NOERROR,102
14:06:43,104,router,tuf-repo-cdn.sigstore.dev,NOERROR,1
14:06:43,104,resolved,tuf-repo-cdn.sigstore.dev,NOERROR,1
14:06:43,104,cluster,ghcr.io,NOERROR,0
14:06:43,104,cluster,tuf-repo-cdn.sigstore.dev,NOERROR,0
14:06:43,104,node,tuf-repo-cdn.sigstore.dev,NOERROR,1
14:07:18,105,resolved,tuf-repo-cdn.sigstore.dev,NOERROR,54
14:07:18,105,router,tuf-repo-cdn.sigstore.dev,NOERROR,51
14:07:19,105,cluster,ghcr.io,NOERROR,12
14:07:19,105,cluster,tuf-repo-cdn.sigstore.dev,NOERROR,2
14:07:19,105,node,tuf-repo-cdn.sigstore.dev,NOERROR,0
14:07:53,106,router,tuf-repo-cdn.sigstore.dev,NOERROR,2
14:07:53,106,resolved,tuf-repo-cdn.sigstore.dev,NOERROR,0
14:07:53,106,node,tuf-repo-cdn.sigstore.dev,NOERROR,0
14:07:53,106,cluster,ghcr.io,NOERROR,0
14:07:53,106,cluster,tuf-repo-cdn.sigstore.dev,NOERROR,1
14:08:28,107,resolved,tuf-repo-cdn.sigstore.dev,NOERROR,56
14:08:28,107,cluster,tuf-repo-cdn.sigstore.dev,NOERROR,3
14:08:28,107,router,tuf-repo-cdn.sigstore.dev,SERVFAIL,84
14:08:28,107,cluster,ghcr.io,NOERROR,12
14:08:28,107,node,tuf-repo-cdn.sigstore.dev,NOERROR,0
14:09:03,108,resolved,tuf-repo-cdn.sigstore.dev,NOERROR,0
14:09:03,108,router,tuf-repo-cdn.sigstore.dev,NOERROR,1
14:09:03,108,node,tuf-repo-cdn.sigstore.dev,NOERROR,0
14:09:03,108,cluster,tuf-repo-cdn.sigstore.dev,NOERROR,0
14:09:03,108,cluster,ghcr.io,NOERROR,0
14:09:38,109,router,tuf-repo-cdn.sigstore.dev,NOERROR,67
14:09:38,109,cluster,tuf-repo-cdn.sigstore.dev,NOERROR,0
14:09:38,109,resolved,tuf-repo-cdn.sigstore.dev,NOERROR,95
14:09:38,109,cluster,ghcr.io,NOERROR,12
14:09:38,109,node,tuf-repo-cdn.sigstore.dev,NOERROR,0
14:10:13,110,resolved,tuf-repo-cdn.sigstore.dev,NOERROR,1
14:10:13,110,router,tuf-repo-cdn.sigstore.dev,NOERROR,1
14:10:13,110,cluster,tuf-repo-cdn.sigstore.dev,NOERROR,1
14:10:13,110,node,tuf-repo-cdn.sigstore.dev,NOERROR,0
14:10:13,110,cluster,ghcr.io,NOERROR,50
14:10:49,111,resolved,tuf-repo-cdn.sigstore.dev,SERVFAIL,11
14:10:49,111,router,tuf-repo-cdn.sigstore.dev,NOERROR,99
14:10:49,111,cluster,ghcr.io,NOERROR,3
14:10:49,111,cluster,tuf-repo-cdn.sigstore.dev,NOERROR,0
14:10:49,111,node,tuf-repo-cdn.sigstore.dev,NOERROR,11
14:11:23,112,resolved,tuf-repo-cdn.sigstore.dev,NOERROR,0
14:11:23,112,router,tuf-repo-cdn.sigstore.dev,NOERROR,2
14:11:23,112,cluster,tuf-repo-cdn.sigstore.dev,NOERROR,1
14:11:23,112,node,tuf-repo-cdn.sigstore.dev,NOERROR,0
14:11:23,112,cluster,ghcr.io,NOERROR,10
14:11:58,113,router,tuf-repo-cdn.sigstore.dev,NOERROR,50
14:11:58,113,resolved,tuf-repo-cdn.sigstore.dev,NOERROR,39
14:11:58,113,node,tuf-repo-cdn.sigstore.dev,NOERROR,1
14:11:58,113,cluster,tuf-repo-cdn.sigstore.dev,NOERROR,0
14:11:58,113,cluster,ghcr.io,NOERROR,12
14:12:33,114,resolved,tuf-repo-cdn.sigstore.dev,NOERROR,0
14:12:33,114,router,tuf-repo-cdn.sigstore.dev,NOERROR,1
14:12:33,114,cluster,tuf-repo-cdn.sigstore.dev,NOERROR,1
14:12:33,114,cluster,ghcr.io,NOERROR,18
14:12:33,114,node,tuf-repo-cdn.sigstore.dev,NOERROR,0
14:13:08,115,router,tuf-repo-cdn.sigstore.dev,NOERROR,57
14:13:08,115,cluster,tuf-repo-cdn.sigstore.dev,NOERROR,1
14:13:08,115,resolved,tuf-repo-cdn.sigstore.dev,NOERROR,95
14:13:08,115,cluster,ghcr.io,NOERROR,11
14:13:08,115,node,tuf-repo-cdn.sigstore.dev,NOERROR,0
14:13:43,116,resolved,tuf-repo-cdn.sigstore.dev,NOERROR,0
14:13:43,116,router,tuf-repo-cdn.sigstore.dev,NOERROR,1
14:13:43,116,cluster,tuf-repo-cdn.sigstore.dev,NOERROR,1
14:13:43,116,cluster,ghcr.io,NOERROR,1
14:13:44,116,node,tuf-repo-cdn.sigstore.dev,NOERROR,0
14:14:18,117,router,tuf-repo-cdn.sigstore.dev,SERVFAIL,13
14:14:18,117,resolved,tuf-repo-cdn.sigstore.dev,SERVFAIL,12
14:14:18,117,cluster,ghcr.io,NOERROR,11
14:14:18,117,node,tuf-repo-cdn.sigstore.dev,NOERROR,12
14:14:18,117,cluster,tuf-repo-cdn.sigstore.dev,NOERROR,4
14:14:53,118,resolved,tuf-repo-cdn.sigstore.dev,NOERROR,0
14:14:53,118,router,tuf-repo-cdn.sigstore.dev,NOERROR,1
14:14:53,118,cluster,tuf-repo-cdn.sigstore.dev,NOERROR,0
14:14:53,118,node,tuf-repo-cdn.sigstore.dev,NOERROR,0
14:14:53,118,cluster,ghcr.io,NOERROR,13
14:15:28,119,router,tuf-repo-cdn.sigstore.dev,SERVFAIL,11
14:15:28,119,resolved,tuf-repo-cdn.sigstore.dev,NOERROR,67
14:15:28,119,cluster,ghcr.io,NOERROR,2
14:15:28,119,node,tuf-repo-cdn.sigstore.dev,NOERROR,0
14:15:28,119,cluster,tuf-repo-cdn.sigstore.dev,NOERROR,1
14:16:03,120,resolved,tuf-repo-cdn.sigstore.dev,NOERROR,0
14:16:03,120,router,tuf-repo-cdn.sigstore.dev,NOERROR,1
14:16:03,120,node,tuf-repo-cdn.sigstore.dev,NOERROR,0
14:16:03,120,cluster,ghcr.io,NOERROR,12
14:16:03,120,cluster,tuf-repo-cdn.sigstore.dev,NOERROR,1
