round,delay,outcome,seconds,io_avg10_before,tuf_error
1,0,past-init,8.32,7.83,""
2,5,past-init,8.31,7.85,""
3,20,tuf-denied,2.10,6.88," (mirror=\ https://tuf-repo-cdn.sigstore.dev\ ): updating local metadata and targets: error updating to TUF remote mirror: tuf: failed to download 13.root.json: Get \ https://tuf-repo-cdn.sigstore.dev/13.root.json\ : dial tcp: lookup tuf-repo-cdn.sigstore.dev on 10.96.0.10:53: server misbehaving  attestor=forgeci digest=sha256:f5eb8b57a454ab073acb0cea7d6bedfb27d37f48a327ecd65fdb7d9ea5c7c7d5 image=ghcr.io/taha7486/forge-spike-r1@sha256:f5eb8b57a454ab073acb0cea7d6bedfb27d37f48a327ecd65fdb7d9ea5c7c7d5 logger=Cosign"
4,45,past-init,8.28,5.24,""
5,0,past-init,8.54,7.53,""
6,5,tuf-denied,2.45,7.64," (mirror=\ https://tuf-repo-cdn.sigstore.dev\ ): updating local metadata and targets: error updating to TUF remote mirror: tuf: failed to download 13.root.json: Get \ https://tuf-repo-cdn.sigstore.dev/13.root.json\ : dial tcp: lookup tuf-repo-cdn.sigstore.dev on 10.96.0.10:53: server misbehaving  attestor=forgeci digest=sha256:f5eb8b57a454ab073acb0cea7d6bedfb27d37f48a327ecd65fdb7d9ea5c7c7d5 image=ghcr.io/taha7486/forge-spike-r1@sha256:f5eb8b57a454ab073acb0cea7d6bedfb27d37f48a327ecd65fdb7d9ea5c7c7d5 logger=Cosign"
7,20,past-init,8.33,7.54,""
8,45,past-init,8.31,6.08,""
9,0,past-init,8.28,7.46,""
10,5,past-init,8.29,7.41,""
11,20,past-init,8.29,7.20,""
12,45,tuf-denied,2.38,5.27," (mirror=\ https://tuf-repo-cdn.sigstore.dev\ ): updating local metadata and targets: error updating to TUF remote mirror: tuf: failed to download 13.root.json: Get \ https://tuf-repo-cdn.sigstore.dev/13.root.json\ : dial tcp: lookup tuf-repo-cdn.sigstore.dev on 10.96.0.10:53: server misbehaving  attestor=forgeci digest=sha256:f5eb8b57a454ab073acb0cea7d6bedfb27d37f48a327ecd65fdb7d9ea5c7c7d5 image=ghcr.io/taha7486/forge-spike-r1@sha256:f5eb8b57a454ab073acb0cea7d6bedfb27d37f48a327ecd65fdb7d9ea5c7c7d5 logger=Cosign"
13,0,tuf-denied,2.59,7.42," (mirror=\ https://tuf-repo-cdn.sigstore.dev\ ): updating local metadata and targets: error updating to TUF remote mirror: tuf: failed to download 13.root.json: Get \ https://tuf-repo-cdn.sigstore.dev/13.root.json\ : dial tcp: lookup tuf-repo-cdn.sigstore.dev on 10.96.0.10:53: server misbehaving  attestor=forgeci digest=sha256:f5eb8b57a454ab073acb0cea7d6bedfb27d37f48a327ecd65fdb7d9ea5c7c7d5 image=ghcr.io/taha7486/forge-spike-r1@sha256:f5eb8b57a454ab073acb0cea7d6bedfb27d37f48a327ecd65fdb7d9ea5c7c7d5 logger=Cosign"
14,5,past-init,8.28,7.74,""
15,20,past-init,8.30,7.75,""
16,45,past-init,8.32,6.69,""
17,0,past-init,8.28,6.93,""
18,5,past-init,8.29,7.18,""
19,20,past-init,8.29,7.64,""
20,45,past-init,8.30,6.43,""
21,0,past-init,8.29,7.94,""
22,5,past-init,8.29,7.97,""
23,20,past-init,8.28,6.51,""
24,45,past-init,8.29,5.02,""
25,0,past-init,8.29,7.63,""
26,5,past-init,8.28,7.74,""
27,20,past-init,8.29,7.86,""
28,45,past-init,8.29,5.75,""
29,0,past-init,8.28,7.96,""
30,5,past-init,8.29,7.77,""
31,20,past-init,8.29,7.95,""
32,45,tuf-denied,2.44,4.98," (mirror=\ https://tuf-repo-cdn.sigstore.dev\ ): updating local metadata and targets: error updating to TUF remote mirror: tuf: failed to download 13.root.json: Get \ https://tuf-repo-cdn.sigstore.dev/13.root.json\ : dial tcp: lookup tuf-repo-cdn.sigstore.dev on 10.96.0.10:53: server misbehaving  attestor=forgeci digest=sha256:f5eb8b57a454ab073acb0cea7d6bedfb27d37f48a327ecd65fdb7d9ea5c7c7d5 image=ghcr.io/taha7486/forge-spike-r1@sha256:f5eb8b57a454ab073acb0cea7d6bedfb27d37f48a327ecd65fdb7d9ea5c7c7d5 logger=Cosign"
33,0,past-init,8.29,7.96,""
34,5,past-init,8.28,7.69,""
35,20,past-init,8.28,7.77,""
36,45,past-init,8.28,5.58,""
37,0,past-init,8.28,7.69,""
38,5,past-init,8.29,7.04,""
39,20,past-init,8.29,7.45,""
40,45,past-init,8.28,6.60,""
