case,attempt,phase,seconds,outcome,io_avg10_before,note
x-split3-bigsbom,1,cold,15.03,admitted,7.51,"pod/t14-bigsbom-ghcr created (server dry run) "
x-split3-bigsbom,1,warm,10.73,admitted,7.54,"pod/t14-bigsbom-ghcr created (server dry run) "
x-split3-bigsbom,2,cold,12.30,admitted,7.19,"pod/t14-bigsbom-ghcr created (server dry run) "
x-split3-bigsbom,2,warm,10.39,admitted,7.85,"pod/t14-bigsbom-ghcr created (server dry run) "
x-split3-bigsbom,3,cold,13.26,admitted,6.90,"pod/t14-bigsbom-ghcr created (server dry run) "
x-split3-bigsbom,3,warm,11.06,admitted,6.86,"pod/t14-bigsbom-ghcr created (server dry run) "
x-split3-bigsbom,4,cold,2.54,denied,6.14,"Error from server: error when creating  tests/r1-t14-bigsbom-ghcr.yaml : admission webhook  ivpol.validate.kyverno.svc-fail-finegrained-r3c-split-sbom  denied the request: Policy r3c-split-sbom failed | LOG: 2026-10-08T16:55:09Z ERR github.com/kyverno/kyverno/pkg/image/verifiers/ivpol/cosign/verifier.go:82 > image verification failed error= failed to build cosign verification opts: failed to initialize TUF client (mirror=\ https://tuf-repo-cdn.sigstore.dev\ ): updating local metadata and targets: error "
x-split3-bigsbom,5,cold,12.29,admitted,7.81,"pod/t14-bigsbom-ghcr created (server dry run) "
x-split3-bigsbom,5,warm,10.66,admitted,8.17,"pod/t14-bigsbom-ghcr created (server dry run) "
x-split3-bigsbom,6,cold,2.21,denied,6.24,"Error from server: error when creating  tests/r1-t14-bigsbom-ghcr.yaml : admission webhook  ivpol.validate.kyverno.svc-fail-finegrained-r3c-split-sig  denied the request: Policy r3c-split-sig failed:  | LOG: 2026-10-08T16:57:12Z ERR github.com/kyverno/kyverno/pkg/image/verifiers/ivpol/cosign/verifier.go:149 > image verification failed error= failed to build cosign verification opts: failed to initialize TUF client (mirror=\ https://tuf-repo-cdn.sigstore.dev\ ): updating local metadata and targets: error"
x-split3-bigsbom,7,cold,13.03,admitted,5.93,"pod/t14-bigsbom-ghcr created (server dry run) "
x-split3-bigsbom,7,warm,10.81,admitted,4.70,"pod/t14-bigsbom-ghcr created (server dry run) "
x-split3-bigsbom,8,cold,13.10,admitted,7.97,"pod/t14-bigsbom-ghcr created (server dry run) "
x-split3-bigsbom,8,warm,10.80,admitted,8.09,"pod/t14-bigsbom-ghcr created (server dry run) "
x-split3-bigsbom,9,cold,13.00,admitted,7.80,"pod/t14-bigsbom-ghcr created (server dry run) "
x-split3-bigsbom,9,warm,10.61,admitted,7.84,"pod/t14-bigsbom-ghcr created (server dry run) "
x-split3-bigsbom,10,cold,13.02,admitted,7.50,"pod/t14-bigsbom-ghcr created (server dry run) "
x-split3-bigsbom,10,warm,11.33,admitted,6.86,"pod/t14-bigsbom-ghcr created (server dry run) "
x-split3-bigsbom,11,cold,13.64,admitted,7.39,"pod/t14-bigsbom-ghcr created (server dry run) "
x-split3-bigsbom,11,warm,10.83,admitted,6.34,"pod/t14-bigsbom-ghcr created (server dry run) "
x-split3-bigsbom,12,cold,13.85,admitted,5.83,"pod/t14-bigsbom-ghcr created (server dry run) "
x-split3-bigsbom,12,warm,11.11,admitted,5.39,"pod/t14-bigsbom-ghcr created (server dry run) "
x-split3-unsigned,1,cold,8.30,denied,7.11,"dns_errors_in_log=0 | Error from server: error when creating  tests/r1-t3-unsigned-ghcr.yaml : admission webhook  ivpol.validate.kyverno.svc-fail-finegrained-r3c-split-sig  denied th"
x-split3-unsigned,2,cold,7.19,denied,5.89,"dns_errors_in_log=0 | Error from server: error when creating  tests/r1-t3-unsigned-ghcr.yaml : admission webhook  ivpol.validate.kyverno.svc-fail-finegrained-r3c-split-sig  denied th"
x-split3-unsigned,3,cold,7.91,denied,6.44,"dns_errors_in_log=0 | Error from server: error when creating  tests/r1-t3-unsigned-ghcr.yaml : admission webhook  ivpol.validate.kyverno.svc-fail-finegrained-r3c-split-sig  denied th"
x-split3-unsigned,4,cold,7.47,denied,7.61,"dns_errors_in_log=0 | Error from server: error when creating  tests/r1-t3-unsigned-ghcr.yaml : admission webhook  ivpol.validate.kyverno.svc-fail-finegrained-r3c-split-vuln  denied t"
x-split3-unsigned,5,cold,7.34,denied,6.18,"dns_errors_in_log=0 | Error from server: error when creating  tests/r1-t3-unsigned-ghcr.yaml : admission webhook  ivpol.validate.kyverno.svc-fail-finegrained-r3c-split-sbom  denied t"
x-split3-unsigned,6,cold,7.89,denied,6.33,"dns_errors_in_log=0 | Error from server: error when creating  tests/r1-t3-unsigned-ghcr.yaml : admission webhook  ivpol.validate.kyverno.svc-fail-finegrained-r3c-split-sbom  denied t"
x-split3-unsigned,7,cold,2.17,denied,5.71,"dns_errors_in_log=3 | Error from server: error when creating  tests/r1-t3-unsigned-ghcr.yaml : admission webhook  ivpol.validate.kyverno.svc-fail-finegrained-r3c-split-vuln  denied t"
x-split3-unsigned,8,cold,8.05,denied,6.68,"dns_errors_in_log=0 | Error from server: error when creating  tests/r1-t3-unsigned-ghcr.yaml : admission webhook  ivpol.validate.kyverno.svc-fail-finegrained-r3c-split-vuln  denied t"
x-split3-unsigned,9,cold,6.61,denied,6.90,"dns_errors_in_log=0 | Error from server: error when creating  tests/r1-t3-unsigned-ghcr.yaml : admission webhook  ivpol.validate.kyverno.svc-fail-finegrained-r3c-split-sbom  denied t"
x-split3-unsigned,10,cold,8.14,denied,7.06,"dns_errors_in_log=0 | Error from server: error when creating  tests/r1-t3-unsigned-ghcr.yaml : admission webhook  ivpol.validate.kyverno.svc-fail-finegrained-r3c-split-sbom  denied t"
