1791592664.521866956,l1-cold-10,A,0.32,51.86MB
1791592664.521866956,l1-cold-10,B,88.43,70.86MB
1791592668.868261342,l1-cold-10,A,3.59,74.11MB
1791592668.868261342,l1-cold-10,B,14.53,86.59MB
1791592673.048769477,l1-cold-10,A,17.83,80.33MB
1791592673.048769477,l1-cold-10,B,9.77,89.99MB
1791592677.231258972,l1-cold-10,A,19.53,79.61MB
1791592677.231258972,l1-cold-10,B,31.06,98.9MB
1791592681.427524080,l1-cold-10,A,24.06,96.85MB
1791592681.427524080,l1-cold-10,B,59.81,101.6MB
1791592685.688940204,l1-cold-10,A,28.68,85.88MB
1791592685.688940204,l1-cold-10,B,22.82,98.21MB
1791592690.036838161,l1-cold-10,A,31.78,90.07MB
1791592690.036838161,l1-cold-10,B,49.32,102.1MB
1791592694.215000427,l1-cold-10,A,0.54,89.81MB
1791592694.215000427,l1-cold-10,B,17.62,104.3MB
