runkey,seconds,ready,pods,failedcreate
l2-cold-10,14.3,0,0,0
l2-cold-10,18.1,0,0,0
l2-cold-10,21.9,0,0,0
l2-cold-10,25.7,0,0,0
l2-cold-10,29.6,0,1,0
l2-cold-10,33.3,0,1,0
l2-cold-10,37.2,0,1,0
l2-cold-10,41.0,0,2,0
l2-cold-10,45.1,0,3,0
l2-cold-10,49.0,0,3,0
l2-cold-10,53.0,0,3,0
l2-cold-10,56.9,0,4,0
l2-cold-10,60.8,0,5,0
l2-cold-10,65.0,0,7,0
l2-cold-10,69.1,0,7,0
l2-cold-10,72.9,0,7,0
l2-cold-10,76.7,0,7,0
l2-cold-10,81.2,0,10,0
l2-cold-10,86.4,8,10,0
l2-cold-10,90.6,10,10,0
l2-cold-20,13.5,0,0,0
l2-cold-20,17.3,0,0,0
l2-cold-20,21.1,0,0,0
l2-cold-20,24.8,0,1,0
l2-cold-20,28.9,0,1,0
l2-cold-20,32.8,0,1,0
l2-cold-20,36.5,0,1,0
l2-cold-20,40.5,0,3,0
l2-cold-20,44.4,0,3,0
l2-cold-20,48.2,0,3,0
l2-cold-20,52.0,0,5,0
l2-cold-20,56.0,0,7,0
l2-cold-20,60.1,0,7,0
l2-cold-20,63.9,0,7,0
l2-cold-20,67.9,0,7,0
l2-cold-20,71.8,0,9,0
l2-cold-20,76.0,0,15,0
l2-cold-20,81.1,0,15,0
l2-cold-20,85.0,0,15,0
l2-cold-20,88.8,0,15,0
l2-cold-20,92.7,0,16,0
l2-cold-20,97.2,15,20,0
l2-cold-20,101.0,17,20,0
l2-cold-20,105.6,20,20,0
l2-warm-10-prime,0.0,0,0,0
l2-warm-10-prime,3.8,0,0,0
l2-warm-10-prime,7.6,0,0,0
l2-warm-10-prime,11.3,0,0,0
l2-warm-10-prime,15.1,0,0,0
l2-warm-10-prime,18.9,0,0,0
l2-warm-10-prime,22.6,0,0,0
l2-warm-10-prime,26.3,0,0,0
l2-warm-10-prime,30.0,0,0,0
l2-warm-10-prime,33.9,0,0,0
l2-warm-10-prime,37.7,0,0,0
l2-warm-10-prime,41.4,0,0,0
l2-warm-10-prime,45.1,0,0,0
l2-warm-10-prime,48.8,0,0,0
l2-warm-10-prime,52.6,0,0,0
l2-warm-10-prime,56.4,0,0,0
l2-warm-10-prime,60.2,0,0,0
l2-warm-10-prime,63.9,0,0,0
l2-warm-10-prime,67.7,0,0,0
l2-warm-10-prime,71.4,0,0,0
l2-warm-10-prime,75.1,0,0,0
l2-warm-10-prime,78.8,0,0,0
l2-warm-10-prime,82.5,0,0,0
l2-warm-10-prime,86.3,0,0,0
l2-warm-10-prime,90.2,0,0,0
l2-warm-10-prime,94.0,0,0,0
l2-warm-10-prime,97.8,0,0,0
l2-warm-10-prime,101.5,0,0,0
l2-warm-10-prime,105.2,0,0,0
l2-warm-10-prime,108.9,0,0,0
l2-warm-10-prime,112.6,0,0,0
l2-warm-10-prime,116.3,0,0,0
l2-warm-10-prime,120.1,0,0,0
l2-warm-10-prime,123.9,0,0,0
l2-warm-10-prime,127.7,0,0,0
l2-warm-10-prime,131.4,0,0,0
l2-warm-10-prime,135.1,0,0,0
l2-warm-10-prime,138.9,0,0,0
l2-warm-10-prime,142.6,0,0,0
l2-warm-10-prime,146.3,0,0,0
l2-warm-10-prime,150.0,0,0,0
l2-warm-10-prime,153.7,0,0,0
l2-warm-10-prime,157.6,0,0,0
l2-warm-10-prime,161.4,0,0,0
l2-warm-10-prime,165.1,0,0,0
l2-warm-10-prime,168.8,0,0,0
l2-warm-10-prime,172.6,0,0,0
l2-warm-10-prime,176.4,0,0,0
l2-warm-10-prime,180.1,0,0,0
l2-warm-10-prime,183.8,0,0,0
l2-warm-10-prime,187.5,0,0,0
l2-warm-10-prime,191.3,0,0,0
l2-warm-10-prime,195.0,0,0,0
l2-warm-10-prime,198.8,0,0,0
l2-warm-10-prime,202.6,0,0,0
l2-warm-10,13.3,0,0,0
l2-warm-10,17.0,0,0,0
l2-warm-10,20.8,0,0,0
l2-warm-10,24.6,0,1,0
l2-warm-10,28.6,0,1,0
l2-warm-10,32.4,0,1,0
l2-warm-10,36.1,0,1,0
l2-warm-10,40.0,0,3,0
l2-warm-10,43.9,0,3,0
l2-warm-10,47.7,0,3,0
l2-warm-10,51.8,0,4,0
l2-warm-10,55.6,0,7,0
l2-warm-10,59.5,0,7,0
l2-warm-10,63.9,0,7,0
l2-warm-10,67.7,0,7,0
l2-warm-10,71.6,7,10,0
l2-warm-10,75.5,9,10,0
l2-warm-10,79.4,10,10,0
l2-warm-20-prime,0.0,0,0,0
l2-warm-20-prime,4.0,0,0,0
l2-warm-20-prime,7.7,0,0,0
l2-warm-20-prime,11.5,0,0,0
l2-warm-20-prime,15.3,0,1,0
l2-warm-20-prime,19.3,1,1,0
l2-warm-20,12.9,1,1,0
l2-warm-20,17.2,1,1,0
l2-warm-20,20.9,1,1,0
l2-warm-20,25.0,1,1,0
l2-warm-20,28.8,1,2,0
l2-warm-20,32.7,1,2,0
l2-warm-20,36.4,1,2,0
l2-warm-20,40.3,1,4,0
l2-warm-20,44.4,1,4,0
l2-warm-20,48.2,1,4,0
l2-warm-20,52.0,1,4,0
l2-warm-20,55.9,1,7,0
l2-warm-20,59.9,1,8,0
l2-warm-20,64.1,1,8,0
l2-warm-20,68.0,1,8,0
l2-warm-20,72.0,1,9,0
l2-warm-20,76.0,1,13,0
l2-warm-20,80.6,1,16,0
l2-warm-20,84.9,1,16,0
l2-warm-20,88.8,1,16,0
l2-warm-20,92.6,1,16,0
l2-warm-20,96.6,1,18,0
l2-warm-20,100.6,18,20,0
l2-warm-20,104.5,20,20,0
