mode,N,i,seconds,outcome,note
cold,5,3,18.05,admitted,"pod/l1-3 created (server dry run) "
cold,5,2,22.35,admitted,"pod/l1-2 created (server dry run) "
cold,5,1,23.50,admitted,"pod/l1-1 created (server dry run) "
cold,5,4,24.54,admitted,"pod/l1-4 created (server dry run) "
cold,5,5,26.17,admitted,"pod/l1-5 created (server dry run) "
cold,10,7,3.83,denied,"Error from server: error when creating  STDIN : admission webhook  ivpol.validate.kyverno.svc-fail-finegrained-r3c-split-vuln  denied the request: Policy r3c-sp"
cold,10,5,3.87,denied,"Error from server: error when creating  STDIN : admission webhook  ivpol.validate.kyverno.svc-fail-finegrained-r3c-split-sig  denied the request: Policy r3c-spl"
cold,10,8,3.89,denied,"Error from server: error when creating  STDIN : admission webhook  ivpol.validate.kyverno.svc-fail-finegrained-r3c-split-sbom  denied the request: Policy r3c-sp"
cold,10,3,3.94,denied,"Error from server: error when creating  STDIN : admission webhook  ivpol.validate.kyverno.svc-fail-finegrained-r3c-split-sbom  denied the request: Policy r3c-sp"
cold,10,9,3.93,denied,"Error from server: error when creating  STDIN : admission webhook  ivpol.validate.kyverno.svc-fail-finegrained-r3c-split-sig  denied the request: Policy r3c-spl"
cold,10,10,3.98,denied,"Error from server: error when creating  STDIN : admission webhook  ivpol.validate.kyverno.svc-fail-finegrained-r3c-split-sbom  denied the request: Policy r3c-sp"
cold,10,4,4.01,denied,"Error from server: error when creating  STDIN : admission webhook  ivpol.validate.kyverno.svc-fail-finegrained-r3c-split-sig  denied the request: Policy r3c-spl"
cold,10,6,4.01,denied,"Error from server: error when creating  STDIN : admission webhook  ivpol.validate.kyverno.svc-fail-finegrained-r3c-split-vuln  denied the request: Policy r3c-sp"
cold,10,1,4.02,denied,"Error from server: error when creating  STDIN : admission webhook  ivpol.validate.kyverno.svc-fail-finegrained-r3c-split-sbom  denied the request: Policy r3c-sp"
cold,10,2,4.04,denied,"Error from server: error when creating  STDIN : admission webhook  ivpol.validate.kyverno.svc-fail-finegrained-r3c-split-vuln  denied the request: Policy r3c-sp"
cold,20,17,21.81,admitted,"pod/l1-17 created (server dry run) "
cold,20,12,22.27,admitted,"pod/l1-12 created (server dry run) "
cold,20,6,22.54,admitted,"pod/l1-6 created (server dry run) "
cold,20,2,23.68,admitted,"pod/l1-2 created (server dry run) "
cold,20,14,26.00,admitted,"pod/l1-14 created (server dry run) "
cold,20,16,33.02,admitted,"pod/l1-16 created (server dry run) "
cold,20,4,33.27,admitted,"pod/l1-4 created (server dry run) "
cold,20,9,33.78,webhook-failure,"Error from server (InternalError): error when creating  STDIN : Internal error occurred: failed calling webhook  ivpol.validate.kyverno.svc-fail-finegrained-r3c"
cold,20,19,33.84,webhook-failure,"Error from server (InternalError): error when creating  STDIN : Internal error occurred: failed calling webhook  ivpol.validate.kyverno.svc-fail-finegrained-r3c"
cold,20,7,33.92,webhook-failure,"Error from server (InternalError): error when creating  STDIN : Internal error occurred: failed calling webhook  ivpol.validate.kyverno.svc-fail-finegrained-r3c"
cold,20,1,34.06,webhook-failure,"Error from server (InternalError): error when creating  STDIN : Internal error occurred: failed calling webhook  ivpol.validate.kyverno.svc-fail-finegrained-r3c"
cold,20,20,34.63,webhook-failure,"Error from server (InternalError): error when creating  STDIN : Internal error occurred: failed calling webhook  ivpol.validate.kyverno.svc-fail-finegrained-r3c"
cold,20,3,34.71,webhook-failure,"Error from server (InternalError): error when creating  STDIN : Internal error occurred: failed calling webhook  ivpol.validate.kyverno.svc-fail-finegrained-r3c"
cold,20,13,34.71,webhook-failure,"Error from server (InternalError): error when creating  STDIN : Internal error occurred: failed calling webhook  ivpol.validate.kyverno.svc-fail-finegrained-r3c"
cold,20,10,34.72,webhook-failure,"Error from server (InternalError): error when creating  STDIN : Internal error occurred: failed calling webhook  ivpol.validate.kyverno.svc-fail-finegrained-r3c"
cold,20,11,34.76,webhook-failure,"Error from server (InternalError): error when creating  STDIN : Internal error occurred: failed calling webhook  ivpol.validate.kyverno.svc-fail-finegrained-r3c"
cold,20,15,34.74,webhook-failure,"Error from server (InternalError): error when creating  STDIN : Internal error occurred: failed calling webhook  ivpol.validate.kyverno.svc-fail-finegrained-r3c"
cold,20,8,34.85,webhook-failure,"Error from server (InternalError): error when creating  STDIN : Internal error occurred: failed calling webhook  ivpol.validate.kyverno.svc-fail-finegrained-r3c"
cold,20,18,34.85,webhook-failure,"Error from server (InternalError): error when creating  STDIN : Internal error occurred: failed calling webhook  ivpol.validate.kyverno.svc-fail-finegrained-r3c"
cold,20,5,35.03,webhook-failure,"Error from server (InternalError): error when creating  STDIN : Internal error occurred: failed calling webhook  ivpol.validate.kyverno.svc-fail-finegrained-r3c"
warm,5,0,15.47,admitted,"pod/l1-0 created (server dry run) "
warm,5,0,12.64,admitted,"pod/l1-0 created (server dry run) "
warm,5,0,12.58,admitted,"pod/l1-0 created (server dry run) "
warm,5,0,12.66,admitted,"pod/l1-0 created (server dry run) "
warm,5,0,12.47,admitted,"pod/l1-0 created (server dry run) "
warm,5,0,12.42,admitted,"pod/l1-0 created (server dry run) "
warm,5,3,14.33,admitted,"pod/l1-3 created (server dry run) "
warm,5,2,15.54,admitted,"pod/l1-2 created (server dry run) "
warm,5,5,17.86,admitted,"pod/l1-5 created (server dry run) "
warm,5,1,19.07,denied,"Error from server: error when creating  STDIN : admission webhook  ivpol.validate.kyverno.svc-fail-finegrained-r3c-split-vuln  denied the request: Policy r3c-sp"
warm,5,4,20.53,admitted,"pod/l1-4 created (server dry run) "
warm,10,0,14.99,admitted,"pod/l1-0 created (server dry run) "
warm,10,0,11.78,admitted,"pod/l1-0 created (server dry run) "
warm,10,0,12.22,admitted,"pod/l1-0 created (server dry run) "
warm,10,0,11.69,admitted,"pod/l1-0 created (server dry run) "
warm,10,0,12.25,admitted,"pod/l1-0 created (server dry run) "
warm,10,0,12.16,admitted,"pod/l1-0 created (server dry run) "
warm,10,2,14.22,admitted,"pod/l1-2 created (server dry run) "
warm,10,10,15.17,admitted,"pod/l1-10 created (server dry run) "
warm,10,9,17.25,admitted,"pod/l1-9 created (server dry run) "
warm,10,7,19.68,admitted,"pod/l1-7 created (server dry run) "
warm,10,6,20.64,admitted,"pod/l1-6 created (server dry run) "
warm,10,8,22.11,admitted,"pod/l1-8 created (server dry run) "
warm,10,1,24.74,admitted,"pod/l1-1 created (server dry run) "
warm,10,3,25.96,admitted,"pod/l1-3 created (server dry run) "
warm,10,4,26.97,admitted,"pod/l1-4 created (server dry run) "
warm,10,5,28.36,admitted,"pod/l1-5 created (server dry run) "
warm,20,0,14.21,admitted,"pod/l1-0 created (server dry run) "
warm,20,0,12.44,admitted,"pod/l1-0 created (server dry run) "
warm,20,0,12.31,admitted,"pod/l1-0 created (server dry run) "
warm,20,0,12.71,admitted,"pod/l1-0 created (server dry run) "
warm,20,0,12.50,admitted,"pod/l1-0 created (server dry run) "
warm,20,0,12.22,admitted,"pod/l1-0 created (server dry run) "
warm,20,6,14.93,admitted,"pod/l1-6 created (server dry run) "
warm,20,4,17.32,admitted,"pod/l1-4 created (server dry run) "
warm,20,2,18.01,admitted,"pod/l1-2 created (server dry run) "
warm,20,11,19.65,admitted,"pod/l1-11 created (server dry run) "
warm,20,18,22.92,admitted,"pod/l1-18 created (server dry run) "
warm,20,19,23.97,admitted,"pod/l1-19 created (server dry run) "
warm,20,3,24.07,admitted,"pod/l1-3 created (server dry run) "
warm,20,7,25.32,admitted,"pod/l1-7 created (server dry run) "
warm,20,10,27.27,admitted,"pod/l1-10 created (server dry run) "
warm,20,1,30.45,admitted,"pod/l1-1 created (server dry run) "
warm,20,9,34.43,webhook-failure,"Error from server (InternalError): error when creating  STDIN : Internal error occurred: failed calling webhook  ivpol.validate.kyverno.svc-fail-finegrained-r3c"
warm,20,12,34.43,webhook-failure,"Error from server (InternalError): error when creating  STDIN : Internal error occurred: failed calling webhook  ivpol.validate.kyverno.svc-fail-finegrained-r3c"
warm,20,16,34.33,webhook-failure,"Error from server (InternalError): error when creating  STDIN : Internal error occurred: failed calling webhook  ivpol.validate.kyverno.svc-fail-finegrained-r3c"
warm,20,13,34.36,webhook-failure,"Error from server (InternalError): error when creating  STDIN : Internal error occurred: failed calling webhook  ivpol.validate.kyverno.svc-fail-finegrained-r3c"
warm,20,20,34.43,webhook-failure,"Error from server (InternalError): error when creating  STDIN : Internal error occurred: failed calling webhook  ivpol.validate.kyverno.svc-fail-finegrained-r3c"
warm,20,14,34.48,webhook-failure,"Error from server (InternalError): error when creating  STDIN : Internal error occurred: failed calling webhook  ivpol.validate.kyverno.svc-fail-finegrained-r3c"
warm,20,8,34.61,webhook-failure,"Error from server (InternalError): error when creating  STDIN : Internal error occurred: failed calling webhook  ivpol.validate.kyverno.svc-fail-finegrained-r3c"
warm,20,5,34.61,webhook-failure,"Error from server (InternalError): error when creating  STDIN : Internal error occurred: failed calling webhook  ivpol.validate.kyverno.svc-fail-finegrained-r3c"
warm,20,17,34.55,webhook-failure,"Error from server (InternalError): error when creating  STDIN : Internal error occurred: failed calling webhook  ivpol.validate.kyverno.svc-fail-finegrained-r3c"
warm,20,15,34.66,webhook-failure,"Error from server (InternalError): error when creating  STDIN : Internal error occurred: failed calling webhook  ivpol.validate.kyverno.svc-fail-finegrained-r3c"
