1791590354.316728678,l1-cold-5,A,33.95,62.68MB
1791590354.316728678,l1-cold-5,B,17.35,65.43MB
1791590358.613842394,l1-cold-5,A,15.27,60.08MB
1791590358.613842394,l1-cold-5,B,17.45,74.35MB
1791590362.785609307,l1-cold-5,A,5.21,68.64MB
1791590362.785609307,l1-cold-5,B,11.85,76.75MB
1791590366.971539048,l1-cold-5,A,11.82,72.23MB
1791590366.971539048,l1-cold-5,B,50.38,90.22MB
1791590371.155827046,l1-cold-5,A,1.35,85.31MB
1791590371.155827046,l1-cold-5,B,39.95,81.04MB
1791590375.389032623,l1-cold-5,A,0.46,86.3MB
1791590375.389032623,l1-cold-5,B,10.13,89.55MB
1791590491.128618642,l1-cold-10,A,0.23,52.94MB
1791590491.128618642,l1-cold-10,B,71.08,75.74MB
1791590590.942298305,l1-cold-20,A,1.50,47.44MB
1791590590.942298305,l1-cold-20,B,0.16,44.31MB
1791590595.594489594,l1-cold-20,A,6.67,104.8MB
1791590595.594489594,l1-cold-20,B,6.33,116.9MB
1791590600.075316616,l1-cold-20,A,16.27,104MB
1791590600.075316616,l1-cold-20,B,9.35,130.6MB
1791590604.258812722,l1-cold-20,A,18.61,102.2MB
1791590604.258812722,l1-cold-20,B,15.93,141.8MB
1791590608.431803409,l1-cold-20,A,53.95,115.6MB
1791590608.431803409,l1-cold-20,B,43.62,157.6MB
1791590612.674958233,l1-cold-20,A,41.30,114.8MB
1791590612.674958233,l1-cold-20,B,14.12,165.7MB
1791590616.945965632,l1-cold-20,A,51.15,106MB
1791590616.945965632,l1-cold-20,B,27.76,145.2MB
1791590621.216158226,l1-cold-20,A,34.80,104.4MB
1791590621.216158226,l1-cold-20,B,37.05,148.2MB
1791590833.086834471,l1-warm-5,A,43.79,65.58MB
1791590833.086834471,l1-warm-5,B,3.93,72.78MB
1791590837.357899106,l1-warm-5,A,15.61,74.73MB
1791590837.357899106,l1-warm-5,B,14.10,76.95MB
1791590841.526423442,l1-warm-5,A,9.52,76.8MB
1791590841.526423442,l1-warm-5,B,6.97,80.56MB
1791590845.703972015,l1-warm-5,A,42.09,83.11MB
1791590845.703972015,l1-warm-5,B,37.08,80.83MB
1791590849.876206034,l1-warm-5,A,30.21,88.29MB
1791590849.876206034,l1-warm-5,B,0.28,75.02MB
1791591014.136180498,l1-warm-10,A,0.20,74.82MB
1791591014.136180498,l1-warm-10,B,88.09,76.51MB
1791591018.597914978,l1-warm-10,A,17.69,77.25MB
1791591018.597914978,l1-warm-10,B,11.75,83.1MB
1791591022.766885025,l1-warm-10,A,18.08,100.2MB
1791591022.766885025,l1-warm-10,B,17.71,93.55MB
1791591026.960983509,l1-warm-10,A,38.34,110.4MB
1791591026.960983509,l1-warm-10,B,49.69,104.8MB
1791591031.201858463,l1-warm-10,A,29.35,104.8MB
1791591031.201858463,l1-warm-10,B,41.98,89.46MB
1791591035.545144915,l1-warm-10,A,34.78,102.1MB
1791591035.545144915,l1-warm-10,B,35.63,87.34MB
1791591039.709709334,l1-warm-10,A,29.22,80.63MB
1791591039.709709334,l1-warm-10,B,34.24,79.02MB
1791591219.333308706,l1-warm-20,A,0.36,74.16MB
1791591219.333308706,l1-warm-20,B,0.14,50.24MB
1791591223.949422948,l1-warm-20,A,21.22,113MB
1791591223.949422948,l1-warm-20,B,9.57,95.78MB
1791591228.247255582,l1-warm-20,A,13.28,123.5MB
1791591228.247255582,l1-warm-20,B,8.48,97.92MB
1791591232.469348889,l1-warm-20,A,52.35,137.8MB
1791591232.469348889,l1-warm-20,B,29.68,111.5MB
1791591236.717811588,l1-warm-20,A,32.58,127.1MB
1791591236.717811588,l1-warm-20,B,43.35,109.9MB
1791591240.983480251,l1-warm-20,A,21.19,130.3MB
1791591240.983480251,l1-warm-20,B,23.01,103.4MB
1791591245.199494408,l1-warm-20,A,49.51,120.7MB
1791591245.199494408,l1-warm-20,B,42.34,105.3MB
1791591249.389319905,l1-warm-20,A,33.16,121.6MB
1791591249.389319905,l1-warm-20,B,10.39,97.94MB
1791591336.743158220,l2-cold-10,A,12.82,61.71MB
1791591336.743158220,l2-cold-10,B,2.89,53.24MB
1791591340.928140084,l2-cold-10,A,1.87,46.3MB
1791591340.928140084,l2-cold-10,B,5.89,56.41MB
1791591345.099347303,l2-cold-10,A,1.70,49.69MB
1791591345.099347303,l2-cold-10,B,6.77,60.9MB
1791591349.264588259,l2-cold-10,A,23.96,61.15MB
1791591349.264588259,l2-cold-10,B,41.22,75.84MB
1791591353.457074312,l2-cold-10,A,0.30,62.87MB
1791591353.457074312,l2-cold-10,B,7.76,70.02MB
1791591357.644641101,l2-cold-10,A,0.20,62.91MB
1791591357.644641101,l2-cold-10,B,7.11,60.42MB
1791591361.841041580,l2-cold-10,A,0.41,63.28MB
1791591361.841041580,l2-cold-10,B,28.13,85.46MB
1791591366.041403898,l2-cold-10,A,10.30,49.95MB
1791591366.041403898,l2-cold-10,B,10.79,67.59MB
1791591370.213580904,l2-cold-10,A,2.42,52.33MB
1791591370.213580904,l2-cold-10,B,4.25,68.4MB
1791591374.398980804,l2-cold-10,A,34.14,61.96MB
1791591374.398980804,l2-cold-10,B,2.67,75.78MB
1791591378.629592679,l2-cold-10,A,20.15,72.79MB
1791591378.629592679,l2-cold-10,B,8.17,71.64MB
1791591382.921854762,l2-cold-10,A,7.92,60.49MB
1791591382.921854762,l2-cold-10,B,4.30,83.03MB
1791591387.116286652,l2-cold-10,A,1.04,64.79MB
1791591387.116286652,l2-cold-10,B,12.50,89.88MB
1791591391.326529227,l2-cold-10,A,32.02,70.69MB
1791591391.326529227,l2-cold-10,B,38.25,92.59MB
1791591395.556007370,l2-cold-10,A,0.46,73.23MB
1791591395.556007370,l2-cold-10,B,3.56,81.39MB
1791591399.737111366,l2-cold-10,A,0.34,72.71MB
1791591399.737111366,l2-cold-10,B,1.01,79.94MB
1791591403.912425553,l2-cold-10,A,7.72,63.25MB
1791591403.912425553,l2-cold-10,B,12.25,78.25MB
1791591408.104706087,l2-cold-10,A,2.23,54.76MB
1791591408.104706087,l2-cold-10,B,9.31,79.33MB
1791591412.306323085,l2-cold-10,A,2.24,58.98MB
1791591412.306323085,l2-cold-10,B,41.10,97.55MB
1791591416.485314267,l2-cold-10,A,0.53,67.72MB
1791591416.485314267,l2-cold-10,B,22.10,87.64MB
1791591420.667057712,l2-cold-10,A,2.55,67.73MB
1791591420.667057712,l2-cold-10,B,1.86,87.66MB
1791591424.837908933,l2-cold-10,A,0.19,67.73MB
1791591424.837908933,l2-cold-10,B,1.34,87.66MB
1791591544.070352545,l2-cold-20,A,15.01,53.91MB
1791591544.070352545,l2-cold-20,B,5.03,47.34MB
1791591548.270904847,l2-cold-20,A,10.68,54.57MB
1791591548.270904847,l2-cold-20,B,2.85,49.7MB
1791591552.447267764,l2-cold-20,A,2.56,58.65MB
1791591552.447267764,l2-cold-20,B,2.11,53.75MB
1791591556.614986914,l2-cold-20,A,34.49,68.97MB
1791591556.614986914,l2-cold-20,B,0.81,60.45MB
1791591560.845034555,l2-cold-20,A,0.98,68.73MB
1791591560.845034555,l2-cold-20,B,1.64,64.57MB
1791591565.026652441,l2-cold-20,A,0.67,69MB
1791591565.026652441,l2-cold-20,B,2.05,64.54MB
1791591569.189464917,l2-cold-20,A,15.08,71.96MB
1791591569.189464917,l2-cold-20,B,2.39,66.04MB
1791591573.448613289,l2-cold-20,A,9.43,66.98MB
1791591573.448613289,l2-cold-20,B,4.62,61.23MB
1791591577.622825673,l2-cold-20,A,2.85,70.46MB
1791591577.622825673,l2-cold-20,B,4.56,59.19MB
1791591581.795400730,l2-cold-20,A,35.81,77.26MB
1791591581.795400730,l2-cold-20,B,13.08,66.83MB
1791591586.104049518,l2-cold-20,A,16.14,74.53MB
1791591586.104049518,l2-cold-20,B,12.37,66.85MB
1791591590.288053336,l2-cold-20,A,5.37,75.23MB
1791591590.288053336,l2-cold-20,B,6.71,72.18MB
1791591594.466166529,l2-cold-20,A,32.73,82.76MB
1791591594.466166529,l2-cold-20,B,34.07,79.11MB
1791591598.653253360,l2-cold-20,A,29.04,82.23MB
1791591598.653253360,l2-cold-20,B,26.11,72.27MB
1791591603.040015330,l2-cold-20,A,5.49,79.09MB
1791591603.040015330,l2-cold-20,B,14.92,76.08MB
1791591607.244893296,l2-cold-20,A,15.13,84.48MB
1791591607.244893296,l2-cold-20,B,17.66,83.08MB
1791591611.465380054,l2-cold-20,A,26.33,95.65MB
1791591611.465380054,l2-cold-20,B,38.85,90.9MB
1791591615.836380371,l2-cold-20,A,26.57,80.42MB
1791591615.836380371,l2-cold-20,B,38.05,87.6MB
1791591620.153252890,l2-cold-20,A,61.23,73.58MB
1791591620.153252890,l2-cold-20,B,3.76,75.75MB
1791591624.465347833,l2-cold-20,A,10.31,72.26MB
1791591624.465347833,l2-cold-20,B,4.01,61.31MB
1791591628.649405156,l2-cold-20,A,12.65,79.07MB
1791591628.649405156,l2-cold-20,B,15.58,81.61MB
1791591632.866776585,l2-cold-20,A,38.89,87.24MB
1791591632.866776585,l2-cold-20,B,5.31,77.48MB
1791591637.096419721,l2-cold-20,A,34.58,87.06MB
1791591637.096419721,l2-cold-20,B,31.75,87.14MB
1791591641.347070442,l2-cold-20,A,1.04,69.94MB
1791591641.347070442,l2-cold-20,B,0.17,67.85MB
1791591645.542129930,l2-cold-20,A,1.50,69.94MB
1791591645.542129930,l2-cold-20,B,0.31,67.85MB
1791591919.588056775,l2-warm-10,A,10.70,49.45MB
1791591919.588056775,l2-warm-10,B,3.99,51.65MB
1791591923.773944085,l2-warm-10,A,0.38,53.4MB
1791591923.773944085,l2-warm-10,B,0.88,51.18MB
1791591927.953742265,l2-warm-10,A,3.01,53.4MB
1791591927.953742265,l2-warm-10,B,0.42,51.45MB
1791591932.129335376,l2-warm-10,A,1.41,53.41MB
1791591932.129335376,l2-warm-10,B,0.31,51.19MB
1791591936.325768836,l2-warm-10,A,0.29,53.4MB
1791591936.325768836,l2-warm-10,B,0.51,51.2MB
1791591940.520729925,l2-warm-10,A,0.48,53.4MB
1791591940.520729925,l2-warm-10,B,1.88,50.84MB
1791591944.687127986,l2-warm-10,A,0.24,53.4MB
1791591944.687127986,l2-warm-10,B,2.05,50.84MB
1791591948.867587289,l2-warm-10,A,0.70,50.03MB
1791591948.867587289,l2-warm-10,B,1.33,51.1MB
1791591953.056095111,l2-warm-10,A,0.33,50.03MB
1791591953.056095111,l2-warm-10,B,1.05,50.84MB
1791591957.225266110,l2-warm-10,A,0.79,50.04MB
1791591957.225266110,l2-warm-10,B,1.09,50.84MB
1791591961.397807369,l2-warm-10,A,0.64,50.04MB
1791591961.397807369,l2-warm-10,B,0.62,50.84MB
1791591965.593458080,l2-warm-10,A,1.00,50.04MB
1791591965.593458080,l2-warm-10,B,0.54,50.84MB
1791591969.764436277,l2-warm-10,A,0.54,50.07MB
1791591969.764436277,l2-warm-10,B,3.24,50.86MB
1791591973.952753160,l2-warm-10,A,0.25,50.04MB
1791591973.952753160,l2-warm-10,B,0.87,50.85MB
1791591978.140819767,l2-warm-10,A,1.17,50.04MB
1791591978.140819767,l2-warm-10,B,0.73,50.85MB
1791591982.316436038,l2-warm-10,A,0.35,50.04MB
1791591982.316436038,l2-warm-10,B,0.60,50.85MB
1791591986.515012498,l2-warm-10,A,0.44,50.04MB
1791591986.515012498,l2-warm-10,B,0.51,50.85MB
1791591990.703177232,l2-warm-10,A,0.40,50.04MB
1791591990.703177232,l2-warm-10,B,0.80,50.85MB
1791591994.889728990,l2-warm-10,A,0.82,50.57MB
1791591994.889728990,l2-warm-10,B,1.68,51.11MB
1791591999.080822683,l2-warm-10,A,0.56,50.3MB
1791591999.080822683,l2-warm-10,B,1.20,50.85MB
1791592003.263038673,l2-warm-10,A,0.38,50.05MB
1791592003.263038673,l2-warm-10,B,0.44,50.85MB
1791592007.446365463,l2-warm-10,A,1.54,50.06MB
1791592007.446365463,l2-warm-10,B,0.67,50.85MB
1791592011.629742312,l2-warm-10,A,0.26,50.03MB
1791592011.629742312,l2-warm-10,B,0.72,50.83MB
1791592015.833957306,l2-warm-10,A,0.70,50.04MB
1791592015.833957306,l2-warm-10,B,1.29,50.83MB
1791592020.007332957,l2-warm-10,A,0.68,50.03MB
1791592020.007332957,l2-warm-10,B,3.16,50.83MB
1791592024.211851374,l2-warm-10,A,0.51,50.3MB
1791592024.211851374,l2-warm-10,B,2.54,50.83MB
1791592028.382825173,l2-warm-10,A,1.48,50.56MB
1791592028.382825173,l2-warm-10,B,0.98,50.83MB
1791592032.571220939,l2-warm-10,A,0.49,50.3MB
1791592032.571220939,l2-warm-10,B,1.03,50.83MB
1791592036.736959022,l2-warm-10,A,0.50,50.04MB
1791592036.736959022,l2-warm-10,B,0.82,50.83MB
1791592040.912973307,l2-warm-10,A,0.52,50.04MB
1791592040.912973307,l2-warm-10,B,0.65,50.83MB
1791592045.091041941,l2-warm-10,A,1.07,50.04MB
1791592045.091041941,l2-warm-10,B,0.78,50.83MB
1791592049.276790067,l2-warm-10,A,0.20,50.04MB
1791592049.276790067,l2-warm-10,B,1.14,50.83MB
1791592053.444849704,l2-warm-10,A,0.23,50.04MB
1791592053.444849704,l2-warm-10,B,1.66,51.36MB
1791592057.629136784,l2-warm-10,A,2.77,50.29MB
1791592057.629136784,l2-warm-10,B,0.64,50.84MB
1791592061.814588646,l2-warm-10,A,0.55,50.31MB
1791592061.814588646,l2-warm-10,B,0.84,50.64MB
1791592065.985492246,l2-warm-10,A,0.59,50.05MB
1791592065.985492246,l2-warm-10,B,1.15,50.65MB
1791592070.150019447,l2-warm-10,A,0.88,43.75MB
1791592070.150019447,l2-warm-10,B,2.36,50.65MB
1791592074.320133573,l2-warm-10,A,0.57,43.49MB
1791592074.320133573,l2-warm-10,B,1.48,50.66MB
1791592078.495807439,l2-warm-10,A,0.38,43.48MB
1791592078.495807439,l2-warm-10,B,0.99,50.91MB
1791592082.687851925,l2-warm-10,A,1.95,43.49MB
1791592082.687851925,l2-warm-10,B,0.86,50.66MB
1791592086.866007159,l2-warm-10,A,0.23,43.49MB
1791592086.866007159,l2-warm-10,B,1.08,50.92MB
1791592091.021637838,l2-warm-10,A,0.38,43.49MB
1791592091.021637838,l2-warm-10,B,1.16,50.92MB
1791592095.200330568,l2-warm-10,A,1.20,43.49MB
1791592095.200330568,l2-warm-10,B,1.42,50.67MB
1791592099.405946768,l2-warm-10,A,0.34,43.49MB
1791592099.405946768,l2-warm-10,B,1.02,50.67MB
1791592103.580709026,l2-warm-10,A,0.42,43.75MB
1791592103.580709026,l2-warm-10,B,1.53,50.95MB
1791592107.751098575,l2-warm-10,A,2.69,43.49MB
1791592107.751098575,l2-warm-10,B,0.76,50.67MB
1791592111.925985882,l2-warm-10,A,0.61,43.49MB
1791592111.925985882,l2-warm-10,B,0.66,50.67MB
1791592116.096209872,l2-warm-10,A,0.48,43.49MB
1791592116.096209872,l2-warm-10,B,0.70,50.67MB
1791592120.278926755,l2-warm-10,A,0.41,43.75MB
1791592120.278926755,l2-warm-10,B,2.88,50.67MB
1791592124.463768085,l2-warm-10,A,0.20,43.49MB
1791592124.463768085,l2-warm-10,B,13.09,52.35MB
1791592128.651411818,l2-warm-10,A,6.54,51.41MB
1791592128.651411818,l2-warm-10,B,7.82,63.28MB
1791592132.821051241,l2-warm-10,A,1.96,55.68MB
1791592132.821051241,l2-warm-10,B,2.43,68.3MB
1791592136.985213932,l2-warm-10,A,1.32,52.47MB
1791592136.985213932,l2-warm-10,B,36.85,75.88MB
1791592141.283115221,l2-warm-10,A,5.15,58.37MB
1791592141.283115221,l2-warm-10,B,1.09,72.26MB
1791592145.462543476,l2-warm-10,A,1.87,59.94MB
1791592145.462543476,l2-warm-10,B,1.43,72.52MB
1791592149.649706498,l2-warm-10,A,46.84,58.68MB
1791592149.649706498,l2-warm-10,B,4.10,70.2MB
1791592153.862164539,l2-warm-10,A,5.34,51.31MB
1791592153.862164539,l2-warm-10,B,14.18,70.35MB
1791592158.033234328,l2-warm-10,A,3.72,57.47MB
1791592158.033234328,l2-warm-10,B,3.91,75.04MB
1791592162.213154669,l2-warm-10,A,26.13,61.66MB
1791592162.213154669,l2-warm-10,B,4.52,81.81MB
1791592166.418722107,l2-warm-10,A,5.70,70.89MB
1791592166.418722107,l2-warm-10,B,10.43,72.69MB
1791592170.632983918,l2-warm-10,A,8.62,65.35MB
1791592170.632983918,l2-warm-10,B,5.02,78.02MB
1791592174.820893439,l2-warm-10,A,5.42,67.96MB
1791592174.820893439,l2-warm-10,B,40.16,75.6MB
1791592179.032047258,l2-warm-10,A,30.29,59.84MB
1791592179.032047258,l2-warm-10,B,33.72,74.17MB
1791592183.265287351,l2-warm-10,A,10.22,64.03MB
1791592183.265287351,l2-warm-10,B,2.06,74.81MB
1791592187.470333171,l2-warm-10,A,4.80,68.58MB
1791592187.470333171,l2-warm-10,B,3.82,77.64MB
1791592191.632904026,l2-warm-10,A,24.18,78.05MB
1791592191.632904026,l2-warm-10,B,4.99,80.83MB
1791592195.899866783,l2-warm-10,A,0.49,66.2MB
1791592195.899866783,l2-warm-10,B,0.72,91.12MB
1791592200.100816780,l2-warm-10,A,0.36,66.2MB
1791592200.100816780,l2-warm-10,B,6.88,66.15MB
1791592305.171224104,l2-warm-20,A,8.94,54.05MB
1791592305.171224104,l2-warm-20,B,3.86,54.51MB
1791592309.378645237,l2-warm-20,A,0.74,54.05MB
1791592309.378645237,l2-warm-20,B,17.30,60.2MB
1791592313.554782408,l2-warm-20,A,0.50,54.05MB
1791592313.554782408,l2-warm-20,B,2.84,63.68MB
1791592317.724415013,l2-warm-20,A,0.64,54.05MB
1791592317.724415013,l2-warm-20,B,6.95,58.58MB
1791592321.911030005,l2-warm-20,A,3.93,54.1MB
1791592321.911030005,l2-warm-20,B,2.92,69.36MB
1791592326.115878908,l2-warm-20,A,1.02,54.62MB
1791592326.115878908,l2-warm-20,B,4.35,61.85MB
1791592330.290305021,l2-warm-20,A,2.06,54.65MB
1791592330.290305021,l2-warm-20,B,3.97,67.36MB
1791592334.471905112,l2-warm-20,A,0.68,54.13MB
1791592334.471905112,l2-warm-20,B,0.44,65.89MB
1791592338.655530602,l2-warm-20,A,0.95,54.14MB
1791592338.655530602,l2-warm-20,B,2.47,65.88MB
1791592342.840289235,l2-warm-20,A,2.95,55.03MB
1791592342.840289235,l2-warm-20,B,6.30,59.64MB
1791592347.019064942,l2-warm-20,A,2.65,54.77MB
1791592347.019064942,l2-warm-20,B,5.60,58.46MB
1791592351.184612769,l2-warm-20,A,1.48,55.03MB
1791592351.184612769,l2-warm-20,B,7.57,57.26MB
1791592355.380493034,l2-warm-20,A,0.44,55.18MB
1791592355.380493034,l2-warm-20,B,4.90,66.37MB
1791592359.588772878,l2-warm-20,A,0.76,55.44MB
1791592359.588772878,l2-warm-20,B,5.14,63.95MB
1791592363.768260319,l2-warm-20,A,0.73,55.44MB
1791592363.768260319,l2-warm-20,B,4.67,69.12MB
1791592368.315829369,l2-warm-20,A,6.27,55.83MB
1791592368.315829369,l2-warm-20,B,8.76,67.57MB
1791592372.543688477,l2-warm-20,A,16.48,67.64MB
1791592372.543688477,l2-warm-20,B,3.94,64.37MB
1791592376.710361964,l2-warm-20,A,4.07,70.57MB
1791592376.710361964,l2-warm-20,B,4.20,69.73MB
1791592380.910822427,l2-warm-20,A,29.90,74.03MB
1791592380.910822427,l2-warm-20,B,21.29,65.79MB
1791592385.147390157,l2-warm-20,A,5.67,72.18MB
1791592385.147390157,l2-warm-20,B,9.77,63.48MB
1791592389.360488271,l2-warm-20,A,14.16,78.25MB
1791592389.360488271,l2-warm-20,B,3.48,69.69MB
1791592393.539456174,l2-warm-20,A,10.21,87.76MB
1791592393.539456174,l2-warm-20,B,32.76,84.62MB
1791592397.768051351,l2-warm-20,A,32.83,80.95MB
1791592397.768051351,l2-warm-20,B,2.22,86.01MB
1791592401.983584039,l2-warm-20,A,8.73,86.01MB
1791592401.983584039,l2-warm-20,B,5.58,77.91MB
1791592406.182952819,l2-warm-20,A,11.91,92.11MB
1791592406.182952819,l2-warm-20,B,16.10,77.5MB
1791592410.400626205,l2-warm-20,A,14.67,96.61MB
1791592410.400626205,l2-warm-20,B,40.17,73.61MB
1791592414.609762799,l2-warm-20,A,39.63,102.9MB
1791592414.609762799,l2-warm-20,B,42.39,69.26MB
1791592418.833389677,l2-warm-20,A,4.87,91.86MB
1791592418.833389677,l2-warm-20,B,1.41,68.55MB
1791592423.144017523,l2-warm-20,A,5.79,81.06MB
1791592423.144017523,l2-warm-20,B,0.81,62.59MB
1791592427.328133525,l2-warm-20,A,12.73,79.22MB
1791592427.328133525,l2-warm-20,B,3.70,69.4MB
1791592431.512123218,l2-warm-20,A,14.43,84.32MB
1791592431.512123218,l2-warm-20,B,5.24,75.48MB
1791592435.745371445,l2-warm-20,A,19.45,105MB
1791592435.745371445,l2-warm-20,B,31.93,79.55MB
1791592439.958167612,l2-warm-20,A,30.79,90.4MB
1791592439.958167612,l2-warm-20,B,0.40,64.56MB
1791592444.167505579,l2-warm-20,A,0.69,68.91MB
1791592444.167505579,l2-warm-20,B,0.53,64.56MB
